district_name,state_name,latitude,longitude,rainfall_deficit_pct,temp_anomaly_c,reservoir_level_pct,area_sown_hectares,historical_production_tonnes,historical_yield_tonnes_per_hectare,storage_capacity_tonnes,population,projected_demand_tonnes_30d,current_market_price_rs_per_kg,distance_to_nearest_hub_km,target_yield_anomaly_pct,target_shortage_risk_label
Anantapur,Andhra Pradesh,15.9579,79.35,28.51,0.5,50.0,86528.0,337459.0,3.9,96986.0,4105745,36951.71,51.0,21.0,-12.65,1
Chittoor,Andhra Pradesh,15.5079,79.215,28.48,2.5,50.0,52826.0,206021.0,3.9,94549.0,3412160,30709.44,49.0,19.0,-17.64,1
East Godavari,Andhra Pradesh,16.4379,79.215,28.46,2.5,50.0,24611.0,95982.0,3.9,122776.0,4266924,38402.32,45.0,54.0,-17.63,1
Guntur,Andhra Pradesh,15.6429,79.41,28.49,5.5,50.0,52061.0,203037.0,3.9,153542.0,5195678,46761.1,47.0,41.0,-25.15,1
Krishna,Andhra Pradesh,15.1629,80.04,28.5,1.5,50.0,35000.0,136500.0,3.9,92192.0,4130344,37173.1,53.0,56.0,-15.15,1
Kurnool,Andhra Pradesh,16.6479,80.475,28.48,5.5,50.0,48363.0,188615.0,3.9,146620.0,4683875,42154.88,48.0,27.0,-25.14,1
Prakasam,Andhra Pradesh,15.7329,79.575,28.5,5.5,50.0,83778.0,326734.0,3.9,102903.0,1675815,15082.33,51.0,36.0,-25.15,1
Srikakulam,Andhra Pradesh,15.1779,79.62,28.51,2.5,50.0,49706.0,193853.0,3.9,111284.0,1811500,16303.5,53.0,20.0,-17.65,1
Visakhapatnam,Andhra Pradesh,16.4829,79.095,28.49,0.5,50.0,15835.0,61756.0,3.9,96251.0,2653219,23878.97,52.0,43.0,-12.65,1
Vizianagaram,Andhra Pradesh,16.3929,80.19,28.47,4.5,50.0,28650.0,111735.0,3.9,134754.0,2111161,19000.45,51.0,24.0,-22.64,1
West Godavari,Andhra Pradesh,16.5429,80.1,28.48,6.5,50.0,19224.0,74973.0,3.9,119930.0,3604117,32437.05,45.0,51.0,-27.64,1
YSR Kadapa,Andhra Pradesh,15.4179,80.16,28.49,6.5,50.0,66571.0,259626.0,3.9,101761.0,4814717,43332.45,51.0,42.0,-27.65,1
Nellore,Andhra Pradesh,16.2129,80.355,28.51,0.5,50.0,95861.0,373857.0,3.9,76382.0,5273882,47464.94,49.0,43.0,-12.65,1
Changlang,Arunachal Pradesh,27.783,94.0228,28.52,7.5,50.0,84998.0,212495.0,2.5,44956.0,4780498,43024.48,52.0,55.0,-30.16,1
East Kameng,Arunachal Pradesh,27.603,94.5028,28.49,6.5,50.0,15476.0,38690.0,2.5,54329.0,1928968,17360.71,48.0,57.0,-27.65,1
East Siang,Arunachal Pradesh,28.788,94.8778,28.51,3.5,50.0,55203.0,138007.0,2.5,56631.0,1847469,16627.22,49.0,25.0,-20.15,1
Lohit,Arunachal Pradesh,27.753,95.3878,28.51,0.5,50.0,87024.0,217560.0,2.5,58575.0,5170447,46534.02,48.0,30.0,-12.65,1
Papum Pare,Arunachal Pradesh,27.588,95.3428,28.5,1.5,50.0,31160.0,77900.0,2.5,52646.0,5132774,46194.97,43.0,22.0,-15.15,1
Tawang,Arunachal Pradesh,27.978,94.9078,28.5,6.5,50.0,67110.0,167775.0,2.5,50858.0,3475638,31280.74,43.0,58.0,-27.65,1
Tirap,Arunachal Pradesh,28.608,95.1328,28.5,4.5,50.0,74770.0,186925.0,2.5,58095.0,1603675,14433.08,47.0,56.0,-22.65,1
West Kameng,Arunachal Pradesh,28.218,94.7878,28.48,1.5,50.0,23512.0,58780.0,2.5,35915.0,1885917,16973.25,50.0,56.0,-15.14,1
Baksa,Assam,26.7706,93.5976,28.5,6.5,50.0,47124.0,103672.0,2.2,58245.0,1608415,14475.74,45.0,57.0,-27.65,1
Barpeta,Assam,26.9056,93.0126,28.51,0.5,50.0,35375.0,77825.0,2.2,52485.0,2717321,24455.89,43.0,25.0,-12.65,0
Cachar,Assam,26.8156,92.2476,28.48,2.5,50.0,72366.0,159205.0,2.2,48528.0,1440787,12967.08,48.0,21.0,-17.64,1
Darrang,Assam,26.1106,92.6826,28.48,4.5,50.0,58529.0,128763.0,2.2,68035.0,4453248,40079.23,42.0,42.0,-22.64,1
Dhubri,Assam,25.6306,92.6826,28.52,6.5,50.0,47748.0,105045.0,2.2,50924.0,1393828,12544.45,42.0,27.0,-27.66,1
Dibrugarh,Assam,26.0806,93.5076,28.5,7.5,50.0,91257.0,200765.0,2.2,52620.0,1557515,14017.64,46.0,31.0,-30.15,1
Goalpara,Assam,26.7106,92.8176,28.5,5.5,50.0,58249.0,128147.0,2.2,41243.0,3380835,30427.51,50.0,20.0,-25.15,1
Golaghat,Assam,25.7506,92.2926,28.52,4.5,50.0,73837.0,162441.0,2.2,42198.0,2985341,26868.07,53.0,59.0,-22.66,1
Jorhat,Assam,26.3056,92.3226,28.48,5.5,50.0,77761.0,171074.0,2.2,46179.0,1993641,17942.77,46.0,31.0,-25.14,1
Kamrup,Assam,26.6956,93.1026,28.51,6.5,50.0,30665.0,67463.0,2.2,53517.0,3278801,29509.21,48.0,15.0,-27.65,1
Kamrup Metropolitan,Assam,25.9306,93.6126,28.48,3.5,50.0,45200.0,99440.0,2.2,41726.0,2276675,20490.08,52.0,34.0,-20.14,1
Karbi Anglong,Assam,26.4706,93.1776,28.52,7.5,50.0,51571.0,113456.0,2.2,49152.0,3374682,30372.14,53.0,59.0,-30.16,1
Karimganj,Assam,25.8406,92.8626,28.49,5.5,50.0,90184.0,198404.0,2.2,43200.0,3446006,31014.05,50.0,41.0,-25.15,1
Kokrajhar,Assam,25.4806,92.7126,28.49,6.5,50.0,27627.0,60779.0,2.2,58933.0,3641742,32775.68,48.0,57.0,-27.65,1
Nagaon,Assam,25.5256,93.5976,28.5,1.5,50.0,84801.0,186562.0,2.2,48015.0,4625864,41632.78,50.0,35.0,-15.15,1
Sivasagar,Assam,26.7556,93.3426,28.49,3.5,50.0,45119.0,99261.0,2.2,52449.0,3287652,29588.87,43.0,25.0,-20.15,1
Sonitpur,Assam,26.8306,92.3826,28.5,1.5,50.0,81286.0,178829.0,2.2,50148.0,3058870,27529.83,50.0,17.0,-15.15,1
Tinsukia,Assam,26.5606,93.6576,28.5,6.5,50.0,100323.0,220710.0,2.2,40827.0,4529362,40764.26,49.0,34.0,-27.65,1
Araria,Bihar,25.3661,85.7481,28.52,2.5,50.0,98250.0,235800.0,2.4,33889.0,2821618,25394.56,45.0,18.0,-17.66,1
Aurangabad,Bihar,25.6361,85.9881,28.51,5.5,50.0,68382.0,164116.0,2.4,56624.0,2328172,20953.55,53.0,35.0,-25.15,1
Banka,Bihar,25.2011,85.7631,28.49,7.5,50.0,72644.0,174345.0,2.4,58940.0,4490721,40416.49,53.0,17.0,-30.15,1
Begusarai,Bihar,24.9611,84.6381,28.53,0.5,50.0,63584.0,152601.0,2.4,47333.0,1974350,17769.15,42.0,21.0,-12.66,0
Bhagalpur,Bihar,25.6511,84.6381,28.49,5.5,50.0,19866.0,47678.0,2.4,50781.0,1356411,12207.7,44.0,41.0,-25.15,1
Bhojpur,Bihar,25.8011,84.8631,28.51,0.5,50.0,56332.0,135196.0,2.4,37391.0,2344135,21097.22,47.0,56.0,-12.65,1
Buxar,Bihar,24.6011,85.9581,28.48,3.5,50.0,75166.0,180398.0,2.4,49322.0,4456443,40107.99,53.0,47.0,-20.14,1
Darbhanga,Bihar,25.6061,85.8681,28.51,2.5,50.0,46643.0,111943.0,2.4,63507.0,1963974,17675.77,42.0,18.0,-17.65,1
Gaya,Bihar,24.3611,85.7931,28.52,0.5,50.0,39335.0,94404.0,2.4,32031.0,2240897,20168.07,45.0,33.0,-12.66,1
Gopalganj,Bihar,24.8711,85.5531,28.5,6.5,50.0,28980.0,69552.0,2.4,48482.0,4969656,44726.9,52.0,28.0,-27.65,1
Jamui,Bihar,24.6911,85.3431,28.48,4.5,50.0,72075.0,172980.0,2.4,67293.0,4643029,41787.26,51.0,18.0,-22.64,1
Jehanabad,Bihar,25.2461,85.5681,28.5,4.5,50.0,19190.0,46056.0,2.4,47396.0,2901280,26111.52,53.0,44.0,-22.65,1
Katihar,Bihar,24.6761,86.0181,28.51,0.5,50.0,28106.0,67454.0,2.4,56499.0,4821035,43389.32,42.0,54.0,-12.65,1
Khagaria,Bihar,25.3811,85.5531,28.49,4.5,50.0,35980.0,86352.0,2.4,39773.0,2947343,26526.09,44.0,53.0,-22.65,1
KishanGanj,Bihar,25.3961,85.7931,28.5,7.5,50.0,48750.0,117000.0,2.4,42801.0,4637740,41739.66,49.0,49.0,-30.15,1
Lakhisarai,Bihar,24.7811,84.9681,28.5,7.5,50.0,88594.0,212625.0,2.4,41426.0,5086394,45777.55,51.0,42.0,-30.15,1
Madhepura,Bihar,25.0361,84.8481,28.51,0.5,50.0,82489.0,197973.0,2.4,50304.0,3068505,27616.54,49.0,58.0,-12.65,1
Madhubani,Bihar,24.7061,85.8681,28.5,5.5,50.0,43065.0,103356.0,2.4,52492.0,2540584,22865.26,42.0,45.0,-25.15,1
Munger,Bihar,25.2461,84.6231,28.51,5.5,50.0,81961.0,196706.0,2.4,50329.0,1794053,16146.48,45.0,21.0,-25.15,1
Muzaffarpur,Bihar,24.5111,84.6231,28.5,0.5,50.0,74635.0,179124.0,2.4,39089.0,3366292,30296.63,48.0,24.0,-12.65,1
Nalanda,Bihar,25.4261,85.1181,28.49,5.5,50.0,26932.0,64636.0,2.4,29823.0,4988810,44899.29,46.0,16.0,-25.15,1
Nawada,Bihar,24.9161,85.0881,28.51,6.5,50.0,54395.0,130548.0,2.4,54708.0,3758956,33830.6,53.0,53.0,-27.65,1
Pashchim Champaran,Bihar,24.6011,85.4481,28.5,2.5,50.0,22105.0,53052.0,2.4,62785.0,1921400,17292.6,47.0,20.0,-17.65,1
Patna,Bihar,25.5941,85.1376,28.49,0.5,50.0,69952.0,167884.0,2.4,39818.0,2112825,19015.42,51.0,30.0,-12.65,1
Purba Champaran,Bihar,25.4411,85.0281,28.52,4.5,50.0,90382.0,216916.0,2.4,45405.0,3005384,27048.46,44.0,41.0,-22.66,1
Purnia,Bihar,25.1861,85.6581,28.51,2.5,50.0,70432.0,169036.0,2.4,47208.0,4200019,37800.17,42.0,24.0,-17.65,1
Rohtas,Bihar,25.2011,84.8931,28.51,4.5,50.0,31397.0,75352.0,2.4,54687.0,3625742,32631.68,44.0,17.0,-22.65,1
Saharsa,Bihar,25.5311,84.6081,28.5,7.5,50.0,75786.0,181886.0,2.4,41834.0,3226670,29040.03,52.0,31.0,-30.15,1
Samastipur,Bihar,25.0661,85.2681,28.5,5.5,50.0,98044.0,235305.0,2.4,37843.0,4321988,38897.89,47.0,35.0,-25.15,1
Saran,Bihar,25.0961,85.0431,28.51,7.5,50.0,49212.0,118108.0,2.4,49939.0,2104245,18938.21,45.0,21.0,-30.15,1
Sheikhpura,Bihar,24.6761,84.9531,28.52,7.5,50.0,45179.0,108429.0,2.4,46158.0,1391491,12523.42,52.0,43.0,-30.16,1
Sheohar,Bihar,25.4711,85.5831,28.51,3.5,50.0,84018.0,201643.0,2.4,49286.0,3534883,31813.95,48.0,30.0,-20.15,1
Sitamarhi,Bihar,24.9161,85.0131,28.51,6.5,50.0,95043.0,228103.0,2.4,48935.0,4626207,41635.86,42.0,24.0,-27.65,1
Siwan,Bihar,25.2761,84.5781,28.53,1.5,50.0,80056.0,192134.0,2.4,41553.0,4598491,41386.42,46.0,58.0,-15.16,1
Supaul,Bihar,24.3911,85.3281,28.5,5.5,50.0,65502.0,157204.0,2.4,43668.0,2283563,20552.07,45.0,57.0,-25.15,1
Vaishali,Bihar,25.2611,85.6281,28.47,3.5,50.0,93652.0,224764.0,2.4,44906.0,1787222,16085.0,43.0,49.0,-20.14,1
Bastar,Chhattisgarh,20.9937,82.4361,28.49,0.5,50.0,93060.0,232650.0,2.5,48208.0,2372201,21349.81,42.0,48.0,-12.65,1
Bilaspur,Chhattisgarh,21.5637,82.0311,28.51,1.5,50.0,61798.0,154495.0,2.5,46211.0,4440629,39965.66,43.0,28.0,-15.15,1
Dantewada,Chhattisgarh,20.5737,82.4211,28.51,7.5,50.0,54191.0,135477.0,2.5,50988.0,4436183,39925.65,42.0,18.0,-30.15,1
Dhamtari,Chhattisgarh,21.6387,81.3411,28.48,5.5,50.0,87781.0,219452.0,2.5,53218.0,1436726,12930.53,44.0,17.0,-25.14,1
Durg,Chhattisgarh,21.8487,81.7311,28.51,2.5,50.0,23282.0,58205.0,2.5,54072.0,2167532,19507.79,53.0,50.0,-17.65,1
Janjgir-Champa,Chhattisgarh,21.6087,82.4361,28.52,1.5,50.0,32097.0,80242.0,2.5,56748.0,4610113,41491.02,44.0,32.0,-15.16,1
Jashpur,Chhattisgarh,21.1887,81.8361,28.52,7.5,50.0,47565.0,118912.0,2.5,61359.0,2851391,25662.52,51.0,30.0,-30.16,1
Kanker,Chhattisgarh,21.5787,81.7611,28.5,6.5,50.0,21813.0,54532.0,2.5,52679.0,2072635,18653.72,49.0,49.0,-27.65,1
Korba,Chhattisgarh,20.6787,81.2661,28.5,3.5,50.0,82781.0,206952.0,2.5,44772.0,4943856,44494.7,44.0,32.0,-20.15,1
Koriya,Chhattisgarh,21.2787,81.9861,28.51,2.5,50.0,15641.0,39102.0,2.5,44988.0,2912020,26208.18,52.0,55.0,-17.65,1
Mahasamund,Chhattisgarh,20.9937,81.9711,28.49,7.5,50.0,42916.0,107290.0,2.5,42626.0,3157670,28419.03,50.0,17.0,-30.15,1
Raigarh,Chhattisgarh,20.6337,81.8661,28.5,0.5,50.0,37196.0,92990.0,2.5,54088.0,5129895,46169.06,52.0,37.0,-12.65,1
Raipur,Chhattisgarh,21.0087,81.4461,28.5,6.5,50.0,52640.0,131600.0,2.5,52277.0,3394035,30546.31,44.0,44.0,-27.65,1
Rajnandgaon,Chhattisgarh,21.0087,81.4311,28.53,5.5,50.0,88339.0,220847.0,2.5,58954.0,1965150,17686.35,45.0,36.0,-25.16,1
Surguja,Chhattisgarh,20.7387,82.1811,28.49,7.5,50.0,88380.0,220950.0,2.5,50080.0,4403288,39629.59,49.0,40.0,-30.15,1
North Goa,Goa,15.2393,74.829,28.49,3.5,50.0,68017.0,170042.0,2.5,63812.0,3676668,33090.01,51.0,42.0,-20.15,1
South Goa,Goa,15.5693,74.784,28.52,0.5,50.0,99337.0,248342.0,2.5,55753.0,2057481,18517.33,48.0,15.0,-12.66,0
Ahmedabad,Gujarat,23.0225,72.5714,28.5,3.5,50.0,44372.0,141990.0,3.2,113443.0,3025100,27225.9,45.0,18.0,-20.15,1
Amreli,Gujarat,22.0937,71.2224,28.52,6.5,50.0,18941.0,60611.0,3.2,134326.0,4191488,37723.39,47.0,53.0,-27.66,1
Anand,Gujarat,22.4837,71.7924,28.5,2.5,50.0,89560.0,286592.0,3.2,120262.0,1352637,12173.73,47.0,47.0,-17.65,1
Banaskantha,Gujarat,22.7837,71.3574,28.48,0.5,50.0,59365.0,189968.0,3.2,117828.0,3164254,28478.29,53.0,50.0,-12.64,1
Bharuch,Gujarat,21.7787,70.7124,28.51,6.5,50.0,74653.0,238889.0,3.2,123403.0,3876784,34891.06,47.0,59.0,-27.65,1
Bhavnagar,Gujarat,22.2737,71.8974,28.49,2.5,50.0,15967.0,51094.0,3.2,150961.0,1366049,12294.44,46.0,40.0,-17.65,1
Dahod,Gujarat,22.3787,71.2824,28.46,3.5,50.0,22762.0,72838.0,3.2,130691.0,3603559,32432.03,50.0,26.0,-20.13,1
Gandhinagar,Gujarat,22.4987,70.4574,28.48,6.5,50.0,22766.0,72851.0,3.2,109798.0,5007569,45068.12,50.0,29.0,-27.64,1
Jamnagar,Gujarat,22.3487,70.5174,28.49,6.5,50.0,46887.0,150038.0,3.2,129688.0,2745580,24710.22,53.0,23.0,-27.65,1
Junagadh,Gujarat,21.7337,70.7274,28.48,5.5,50.0,38631.0,123619.0,3.2,97257.0,5218723,46968.51,46.0,22.0,-25.14,1
Kheda,Gujarat,21.5387,71.2674,28.51,5.5,50.0,44836.0,143475.0,3.2,109113.0,2948374,26535.37,51.0,18.0,-25.15,1
Kutch,Gujarat,22.2737,71.6124,28.49,5.5,50.0,81927.0,262166.0,3.2,108411.0,2975733,26781.6,42.0,42.0,-25.15,1
Mehsana,Gujarat,22.9787,71.0424,28.5,7.5,50.0,72226.0,231123.0,3.2,116125.0,2530202,22771.82,44.0,56.0,-30.15,1
Narmada,Gujarat,22.4837,71.6874,28.51,1.5,50.0,61785.0,197712.0,3.2,128316.0,2048348,18435.13,51.0,45.0,-15.15,1
Navsari,Gujarat,21.8237,71.8674,28.51,1.5,50.0,27755.0,88816.0,3.2,112841.0,2800752,25206.77,48.0,36.0,-15.15,1
Panchmahal,Gujarat,22.0787,70.7274,28.48,2.5,50.0,74725.0,239120.0,3.2,125757.0,3577624,32198.62,42.0,30.0,-17.64,1
Patan,Gujarat,21.9887,71.4174,28.48,5.5,50.0,67683.0,216585.0,3.2,114992.0,3028729,27258.56,42.0,39.0,-25.14,1
Porbandar,Gujarat,22.3037,71.7474,28.53,4.5,50.0,93766.0,300051.0,3.2,121499.0,2771226,24941.03,45.0,33.0,-22.66,1
Rajkot,Gujarat,22.0337,71.8974,28.49,4.5,50.0,96270.0,308064.0,3.2,96123.0,1930725,17376.53,43.0,31.0,-22.65,1
Sabarkantha,Gujarat,22.0187,71.7924,28.49,7.5,50.0,24926.0,79763.0,3.2,123939.0,4885710,43971.39,50.0,35.0,-30.15,1
Surat,Gujarat,22.9937,70.9074,28.48,1.5,50.0,91233.0,291945.0,3.2,129333.0,3329333,29964.0,52.0,49.0,-15.14,1
Surendranagar,Gujarat,21.6287,71.1624,28.5,1.5,50.0,80301.0,256963.0,3.2,131532.0,2503619,22532.57,53.0,35.0,-15.15,1
Tapi,Gujarat,22.2287,71.4024,28.5,2.5,50.0,52037.0,166518.0,3.2,105093.0,1787124,16084.12,44.0,32.0,-17.65,1
Vadodara,Gujarat,22.5287,71.4324,28.5,6.5,50.0,96752.0,309606.0,3.2,119826.0,3950393,35553.54,44.0,59.0,-27.65,1
Valsad,Gujarat,22.8137,71.5224,28.51,3.5,50.0,92290.0,295328.0,3.2,132814.0,3671464,33043.18,52.0,28.0,-20.15,1
Ambala,Haryana,29.2088,75.5756,28.5,7.5,50.0,47241.0,179515.0,3.8,223025.0,4567493,41107.44,53.0,59.0,-30.15,1
Bhiwani,Haryana,29.1488,76.6256,28.5,2.5,50.0,85198.0,323752.0,3.8,236584.0,5052813,45475.32,53.0,35.0,-17.65,1
Faridabad,Haryana,29.7638,75.4856,28.48,5.5,50.0,59239.0,225108.0,3.8,231332.0,1774048,15966.43,48.0,18.0,-25.14,1
Fatehabad,Haryana,28.9988,76.4906,28.51,4.5,50.0,64574.0,245381.0,3.8,191273.0,2799837,25198.53,52.0,34.0,-22.65,1
Gurugram,Haryana,29.3738,76.6856,28.48,6.5,50.0,76776.0,291748.0,3.8,217254.0,3236484,29128.36,42.0,21.0,-27.64,1
Hisar,Haryana,28.7138,76.0856,28.48,1.5,50.0,28029.0,106510.0,3.8,221629.0,2063473,18571.26,46.0,28.0,-15.14,1
Jhajjar,Haryana,28.8638,75.7256,28.51,2.5,50.0,80831.0,307157.0,3.8,239524.0,3760815,33847.33,47.0,23.0,-17.65,1
Jind,Haryana,29.7938,76.0706,28.49,5.5,50.0,61807.0,234866.0,3.8,147200.0,2030960,18278.64,52.0,34.0,-25.15,1
Kaithal,Haryana,29.4188,75.8306,28.52,2.5,50.0,79385.0,301663.0,3.8,192122.0,3072335,27651.01,48.0,42.0,-17.66,1
Karnal,Haryana,28.6088,76.7006,28.49,0.5,50.0,92519.0,351572.0,3.8,179545.0,3900478,35104.3,51.0,57.0,-12.65,1
Kurukshetra,Haryana,28.6238,76.4456,28.53,2.5,50.0,91887.0,349170.0,3.8,136662.0,4332174,38989.57,47.0,20.0,-17.66,1
Mahendragarh,Haryana,29.1188,75.7556,28.51,0.5,50.0,78483.0,298235.0,3.8,155280.0,3184703,28662.33,45.0,33.0,-12.65,1
Nuh,Haryana,29.1938,75.9806,28.48,2.5,50.0,50355.0,191349.0,3.8,217214.0,4990353,44913.18,51.0,30.0,-17.64,1
Palwal,Haryana,28.6838,75.5456,28.48,5.5,50.0,83688.0,318014.0,3.8,232208.0,4619057,41571.51,45.0,24.0,-25.14,1
Panchkula,Haryana,29.0888,75.8906,28.51,5.5,50.0,54648.0,207662.0,3.8,287790.0,2474005,22266.04,52.0,19.0,-25.15,1
Panipat,Haryana,29.3588,76.2356,28.48,7.5,50.0,75972.0,288693.0,3.8,243867.0,2072970,18656.73,42.0,36.0,-30.14,1
Rewari,Haryana,28.3688,76.2206,28.51,6.5,50.0,71052.0,269997.0,3.8,234413.0,5258725,47328.53,42.0,27.0,-27.65,1
Rohtak,Haryana,28.4288,75.3656,28.48,0.5,50.0,27886.0,105966.0,3.8,177926.0,5162089,46458.8,46.0,52.0,-12.64,1
Sirsa,Haryana,28.6988,76.1756,28.51,3.5,50.0,94280.0,358264.0,3.8,243402.0,3671167,33040.5,49.0,55.0,-20.15,1
Sonipat,Haryana,28.9538,76.6406,28.47,3.5,50.0,37154.0,141185.0,3.8,216570.0,4129097,37161.87,46.0,49.0,-20.14,1
Yamunanagar,Haryana,29.4488,75.8456,28.5,3.5,50.0,103770.0,394326.0,3.8,134299.0,4530779,40777.01,47.0,47.0,-20.15,1
Bilaspur,Himachal Pradesh,31.3898,77.5484,28.51,1.5,50.0,61798.0,154495.0,2.5,46211.0,4440629,39965.66,43.0,28.0,-15.15,1
Chamba,Himachal Pradesh,31.6748,76.5134,28.5,3.5,50.0,34114.0,85285.0,2.5,39061.0,3100578,27905.2,44.0,41.0,-20.15,1
Hamirpur,Himachal Pradesh,31.1948,77.5784,28.53,3.5,50.0,86375.0,215937.0,2.5,42256.0,2736478,24628.3,52.0,31.0,-20.16,1
Kangra,Himachal Pradesh,30.7598,76.4834,28.53,3.5,50.0,95214.0,238035.0,2.5,51906.0,5012181,45109.63,43.0,52.0,-20.16,1
Kinnaur,Himachal Pradesh,31.6148,77.2034,28.54,6.5,50.0,37022.0,92555.0,2.5,53588.0,2278668,20508.01,49.0,43.0,-27.67,1
Kullu,Himachal Pradesh,31.1498,77.5034,28.5,2.5,50.0,38850.0,97125.0,2.5,55547.0,2900212,26101.91,45.0,21.0,-17.65,1
Lahaul and Spiti,Himachal Pradesh,31.7048,77.5934,28.51,2.5,50.0,76726.0,191815.0,2.5,45328.0,4391649,39524.84,48.0,51.0,-17.65,1
Mandi,Himachal Pradesh,30.9548,76.8284,28.51,2.5,50.0,80485.0,201212.0,2.5,53019.0,3041785,27376.06,48.0,15.0,-17.65,1
Shimla,Himachal Pradesh,30.8348,77.4434,28.47,5.5,50.0,51896.0,129740.0,2.5,58801.0,4504850,40543.65,44.0,56.0,-25.14,1
Sirmaur,Himachal Pradesh,31.0148,77.0234,28.5,2.5,50.0,29258.0,73145.0,2.5,51605.0,2685086,24165.77,44.0,38.0,-17.65,1
Solan,Himachal Pradesh,31.2548,76.6484,28.5,4.5,50.0,73844.0,184610.0,2.5,52631.0,5248825,47239.43,44.0,26.0,-22.65,1
Una,Himachal Pradesh,31.1198,76.5884,28.51,4.5,50.0,54527.0,136317.0,2.5,51435.0,3427100,30843.9,52.0,43.0,-22.65,1
Bokaro,Jharkhand,24.0152,85.3999,28.48,1.5,50.0,34457.0,86142.0,2.5,52654.0,1848498,16636.48,51.0,54.0,-15.14,1
Chatra,Jharkhand,23.9102,85.9249,28.5,5.5,50.0,102816.0,257040.0,2.5,45896.0,3050465,27454.19,43.0,58.0,-25.15,1
Deoghar,Jharkhand,23.7452,85.3099,28.48,5.5,50.0,15608.0,39020.0,2.5,55707.0,5235803,47122.23,44.0,35.0,-25.14,1
Dhanbad,Jharkhand,23.9402,85.5499,28.49,7.5,50.0,95286.0,238215.0,2.5,48924.0,1398976,12590.78,51.0,21.0,-30.15,1
Dumka,Jharkhand,23.8802,85.0399,28.48,0.5,50.0,16468.0,41170.0,2.5,61106.0,4866734,43800.61,46.0,55.0,-12.64,1
East Singhbhum,Jharkhand,22.9952,85.6549,28.5,1.5,50.0,87348.0,218370.0,2.5,45513.0,4562295,41060.65,44.0,41.0,-15.15,1
Garhwa,Jharkhand,24.0302,84.8299,28.49,6.5,50.0,65263.0,163157.0,2.5,46828.0,4666582,41999.24,49.0,25.0,-27.65,1
Giridih,Jharkhand,24.0002,84.7099,28.5,1.5,50.0,54450.0,136125.0,2.5,48843.0,1422082,12798.74,52.0,16.0,-15.15,1
Godda,Jharkhand,24.0902,85.3999,28.5,0.5,50.0,74621.0,186552.0,2.5,59788.0,1880043,16920.39,49.0,43.0,-12.65,1
Gumla,Jharkhand,23.1902,84.8449,28.5,6.5,50.0,25978.0,64945.0,2.5,44940.0,5230434,47073.91,43.0,25.0,-27.65,1
Hazaribag,Jharkhand,23.7452,84.8149,28.5,4.5,50.0,68129.0,170322.0,2.5,45257.0,1935059,17415.53,45.0,27.0,-22.65,1
Jamtara,Jharkhand,23.9252,85.7749,28.51,3.5,50.0,28758.0,71895.0,2.5,45302.0,4258058,38322.52,53.0,56.0,-20.15,1
Khunti,Jharkhand,23.4452,85.6849,28.49,6.5,50.0,43535.0,108837.0,2.5,56123.0,5237730,47139.57,42.0,30.0,-27.65,1
Koderma,Jharkhand,24.0752,85.8199,28.48,4.5,50.0,57486.0,143715.0,2.5,60773.0,3734716,33612.44,49.0,46.0,-22.64,1
Latehar,Jharkhand,23.4752,85.0099,28.47,0.5,50.0,87232.0,218080.0,2.5,57250.0,3560125,32041.12,49.0,46.0,-12.64,1
Lohardaga,Jharkhand,24.2402,85.5349,28.51,2.5,50.0,73615.0,184037.0,2.5,59082.0,3809692,34287.23,51.0,54.0,-17.65,1
Pakur,Jharkhand,23.7452,85.9999,28.49,0.5,50.0,20417.0,51042.0,2.5,58533.0,3563223,32069.01,46.0,25.0,-12.65,0
Palamu,Jharkhand,23.3552,85.0249,28.49,6.5,50.0,93636.0,234090.0,2.5,41641.0,3174779,28573.01,50.0,26.0,-27.65,1
Ramgarh,Jharkhand,23.1602,85.9849,28.5,7.5,50.0,71137.0,177842.0,2.5,34294.0,4437442,39936.98,43.0,40.0,-30.15,1
Ranchi,Jharkhand,23.7452,84.7849,28.48,5.5,50.0,27635.0,69087.0,2.5,45446.0,2573117,23158.05,49.0,46.0,-25.14,1
Sahibganj,Jharkhand,24.2852,85.9699,28.5,0.5,50.0,28162.0,70405.0,2.5,31273.0,5069650,45626.85,43.0,37.0,-12.65,1
Saraikela Kharsawan,Jharkhand,23.4452,85.4899,28.5,7.5,50.0,54707.0,136767.0,2.5,51766.0,1953943,17585.49,48.0,36.0,-30.15,1
Simdega,Jharkhand,24.1802,85.8049,28.5,5.5,50.0,41678.0,104195.0,2.5,40152.0,3542473,31882.26,43.0,40.0,-25.15,1
West Singhbhum,Jharkhand,23.4602,84.7699,28.52,4.5,50.0,86779.0,216947.0,2.5,59398.0,3839528,34555.75,53.0,32.0,-22.66,1
Bagalkote,Karnataka,14.9423,75.7889,28.51,5.5,50.0,92022.0,331279.0,3.6,42795.0,3035726,27321.53,51.0,48.0,-25.15,1
Ballari,Karnataka,15.4073,75.0539,28.5,7.5,50.0,28252.0,101707.0,3.6,63616.0,1624659,14621.93,45.0,18.0,-30.15,1
Belagavi,Karnataka,14.6123,75.5339,28.52,7.5,50.0,22635.0,81486.0,3.6,44025.0,1849006,16641.05,53.0,59.0,-30.16,1
Bengaluru Rural,Karnataka,15.3923,76.2689,28.5,7.5,50.0,79921.0,287715.0,3.6,48515.0,4180066,37620.59,43.0,52.0,-30.15,1
Bengaluru Urban,Karnataka,12.9716,77.5946,28.51,5.5,50.0,98291.0,353847.0,3.6,50695.0,5294539,47650.85,45.0,15.0,-25.15,1
Bidar,Karnataka,15.1523,76.0589,28.5,6.5,50.0,103760.0,373536.0,3.6,44319.0,2632116,23689.04,52.0,40.0,-27.65,1
Chamarajanagara,Karnataka,14.7323,75.0239,28.51,0.5,50.0,91662.0,329983.0,3.6,40970.0,4561365,41052.29,42.0,45.0,-12.65,1
Chikkaballapura,Karnataka,15.2873,75.2339,28.5,5.5,50.0,84986.0,305949.0,3.6,42551.0,4266451,38398.06,49.0,34.0,-25.15,1
Chikkamagaluru,Karnataka,15.9473,76.2689,28.5,3.5,50.0,23213.0,83566.0,3.6,62965.0,2782469,25042.22,42.0,15.0,-20.15,1
Chitradurga,Karnataka,15.0173,75.5039,28.51,7.5,50.0,91390.0,329004.0,3.6,48441.0,4597801,41380.21,45.0,15.0,-30.15,1
Dakshina Kannada,Karnataka,14.9873,75.5039,28.48,5.5,50.0,85131.0,306471.0,3.6,45464.0,2622848,23605.63,43.0,40.0,-25.14,1
Davanagere,Karnataka,14.7323,75.7889,28.5,3.5,50.0,22939.0,82580.0,3.6,54305.0,2580366,23223.29,50.0,44.0,-20.15,1
Dharwad,Karnataka,15.3473,75.1889,28.52,7.5,50.0,76118.0,274024.0,3.6,46757.0,3926668,35340.01,53.0,44.0,-30.16,1
Gadag,Karnataka,15.7673,76.2539,28.52,2.5,50.0,17442.0,62791.0,3.6,54785.0,2780848,25027.63,44.0,32.0,-17.66,1
Hassan,Karnataka,15.9923,75.7289,28.49,7.5,50.0,44825.0,161370.0,3.6,43822.0,2389634,21506.71,49.0,49.0,-30.15,1
Haveri,Karnataka,14.7623,76.3289,28.51,2.5,50.0,76726.0,276213.0,3.6,53279.0,2849399,25644.59,43.0,37.0,-17.65,1
Kalaburagi,Karnataka,14.6873,75.6239,28.49,6.5,50.0,66378.0,238960.0,3.6,59815.0,5196319,46766.87,52.0,40.0,-27.65,1
Kodagu,Karnataka,14.8673,75.8039,28.5,2.5,50.0,28409.0,102272.0,3.6,43524.0,3798687,34188.18,44.0,47.0,-17.65,1
Kolar,Karnataka,15.8273,75.4139,28.49,6.5,50.0,36226.0,130413.0,3.6,55560.0,2279577,20516.19,51.0,24.0,-27.65,1
Koppal,Karnataka,15.5423,75.3539,28.49,0.5,50.0,29408.0,105868.0,3.6,30915.0,1612673,14514.06,48.0,51.0,-12.65,1
Mandya,Karnataka,14.7473,75.3389,28.5,2.5,50.0,63590.0,228924.0,3.6,46820.0,2169880,19528.92,45.0,39.0,-17.65,1
Mysuru,Karnataka,14.6273,75.1739,28.54,3.5,50.0,46556.0,167601.0,3.6,43406.0,3710932,33398.39,42.0,39.0,-20.17,1
Raichur,Karnataka,15.7373,75.9089,28.5,6.5,50.0,20039.0,72140.0,3.6,59701.0,5277583,47498.25,45.0,57.0,-27.65,1
Ramanagara,Karnataka,15.4073,76.3889,28.5,1.5,50.0,30328.0,109180.0,3.6,42419.0,2706691,24360.22,49.0,16.0,-15.15,1
Shivamogga,Karnataka,14.6873,76.2839,28.5,1.5,50.0,25199.0,90716.0,3.6,54848.0,4101736,36915.62,49.0,43.0,-15.15,1
Tumakuru,Karnataka,15.0473,76.1039,28.5,7.5,50.0,20029.0,72104.0,3.6,34666.0,4678345,42105.11,44.0,59.0,-30.15,1
Udupi,Karnataka,15.9473,75.9989,28.49,4.5,50.0,40359.0,145292.0,3.6,48922.0,3199415,28794.74,45.0,24.0,-22.65,1
Uttara Kannada,Karnataka,15.8423,76.2239,28.49,1.5,50.0,51157.0,184165.0,3.6,43355.0,2538967,22850.7,51.0,30.0,-15.15,1
Vijayapura,Karnataka,14.7323,76.1939,28.5,3.5,50.0,78092.0,281131.0,3.6,58219.0,1905235,17147.12,42.0,15.0,-20.15,1
Yadgir,Karnataka,15.7223,75.2489,28.51,2.5,50.0,30007.0,108025.0,3.6,38172.0,2716164,24445.48,52.0,28.0,-17.65,1
Alappuzha,Kerala,10.6405,75.7011,28.52,3.5,50.0,43622.0,135228.0,3.1,37183.0,3803751,34233.76,50.0,56.0,-20.16,1
Ernakulam,Kerala,11.3305,76.0161,28.5,6.5,50.0,86057.0,266776.0,3.1,57920.0,3723841,33514.57,42.0,30.0,-27.65,1
Idukki,Kerala,10.8355,76.5261,28.47,7.5,50.0,60895.0,188774.0,3.1,62015.0,4009018,36081.16,46.0,55.0,-30.14,1
Kannur,Kerala,10.3255,76.2711,28.5,4.5,50.0,98247.0,304565.0,3.1,37409.0,1975083,17775.75,48.0,51.0,-22.65,1
Kasaragod,Kerala,10.4905,76.0611,28.5,7.5,50.0,57559.0,178432.0,3.1,54844.0,4206868,37861.81,44.0,17.0,-30.15,1
Kollam,Kerala,10.5505,76.7961,28.5,2.5,50.0,91177.0,282648.0,3.1,55377.0,2283719,20553.47,51.0,30.0,-17.65,1
Kottayam,Kerala,10.4605,76.8111,28.51,5.5,50.0,65311.0,202464.0,3.1,56509.0,4671647,42044.82,52.0,25.0,-25.15,1
Kozhikode,Kerala,11.1655,75.9561,28.51,3.5,50.0,31645.0,98099.0,3.1,34838.0,4198763,37788.87,43.0,34.0,-20.15,1
Malappuram,Kerala,10.9855,77.0061,28.52,7.5,50.0,61338.0,190147.0,3.1,56083.0,4053590,36482.31,46.0,46.0,-30.16,1
Palakkad,Kerala,10.6855,75.7911,28.5,6.5,50.0,35584.0,110310.0,3.1,53771.0,1838086,16542.77,42.0,18.0,-27.65,1
Pathanamthitta,Kerala,10.2505,75.9711,28.5,3.5,50.0,54048.0,167548.0,3.1,57074.0,2457997,22121.97,50.0,23.0,-20.15,1
Thiruvananthapuram,Kerala,8.5241,76.9366,28.51,2.5,50.0,47428.0,147026.0,3.1,36511.0,3528914,31760.23,46.0,52.0,-17.65,1
Thrissur,Kerala,11.3155,76.2261,28.5,4.5,50.0,17734.0,54975.0,3.1,55303.0,4265783,38392.05,44.0,41.0,-22.65,1
Wayanad,Kerala,10.2655,76.8561,28.5,5.5,50.0,16388.0,50802.0,3.1,45954.0,2908469,26176.22,53.0,59.0,-25.15,1
Anuppur,Madhya Pradesh,23.4534,77.9069,28.47,7.5,50.0,91365.0,310641.0,3.4,99995.0,3047006,27423.05,50.0,44.0,-30.14,1
Ashoknagar,Madhya Pradesh,22.7634,78.7919,28.52,0.5,50.0,23592.0,80212.0,3.4,112730.0,1510532,13594.79,47.0,56.0,-12.66,1
Balaghat,Madhya Pradesh,23.3034,79.3019,28.5,2.5,50.0,87049.0,295966.0,3.4,154247.0,2910303,26192.73,49.0,22.0,-17.65,1
Barwani,Madhya Pradesh,22.9134,79.0319,28.49,6.5,50.0,87418.0,297221.0,3.4,141285.0,3503347,31530.12,53.0,23.0,-27.65,1
Betul,Madhya Pradesh,22.3134,78.9269,28.52,1.5,50.0,74655.0,253827.0,3.4,146568.0,2548381,22935.43,49.0,34.0,-15.16,1
Bhind,Madhya Pradesh,23.3784,78.4169,28.51,1.5,50.0,46134.0,156855.0,3.4,145864.0,4404112,39637.01,48.0,51.0,-15.15,1
Bhopal,Madhya Pradesh,23.2599,77.4126,28.5,0.5,50.0,86871.0,295361.0,3.4,175854.0,3192463,28732.17,47.0,44.0,-12.65,1
Burhanpur,Madhya Pradesh,23.3484,79.0169,28.5,4.5,50.0,33781.0,114855.0,3.4,164798.0,2386273,21476.46,51.0,27.0,-22.65,1
Chhatarpur,Madhya Pradesh,22.3884,78.5819,28.49,6.5,50.0,68561.0,233107.0,3.4,85774.0,4754806,42793.25,43.0,19.0,-27.65,1
Chhindwara,Madhya Pradesh,22.5234,77.9069,28.49,2.5,50.0,82510.0,280534.0,3.4,170800.0,3953881,35584.93,43.0,34.0,-17.65,1
Damoh,Madhya Pradesh,23.4534,78.3419,28.48,1.5,50.0,45360.0,154224.0,3.4,146932.0,3826945,34442.5,46.0,55.0,-15.14,1
Datia,Madhya Pradesh,22.7934,78.7619,28.49,2.5,50.0,20645.0,70193.0,3.4,151336.0,1767180,15904.62,45.0,18.0,-17.65,1
Dewas,Madhya Pradesh,22.5534,79.2719,28.52,2.5,50.0,75617.0,257097.0,3.4,189193.0,1650643,14855.79,44.0,32.0,-17.66,1
Dhar,Madhya Pradesh,22.7184,77.9069,28.49,6.5,50.0,15361.0,52227.0,3.4,186755.0,3514725,31632.53,50.0,20.0,-27.65,1
Dindori,Madhya Pradesh,22.4334,78.9119,28.52,7.5,50.0,60445.0,205513.0,3.4,150469.0,2867054,25803.49,51.0,30.0,-30.16,1
Guna,Madhya Pradesh,23.6934,78.1919,28.5,2.5,50.0,72468.0,246391.0,3.4,148698.0,3097532,27877.79,45.0,48.0,-17.65,1
Gwalior,Madhya Pradesh,23.1684,79.1819,28.5,6.5,50.0,83753.0,284760.0,3.4,152903.0,2966525,26698.72,47.0,56.0,-27.65,1
Harda,Madhya Pradesh,23.4084,78.1169,28.5,1.5,50.0,85063.0,289214.0,3.4,130186.0,3202016,28818.14,45.0,27.0,-15.15,1
Hoshangabad,Madhya Pradesh,23.0934,78.3569,28.52,1.5,50.0,70964.0,241277.0,3.4,153587.0,3060543,27544.89,51.0,57.0,-15.16,1
Indore,Madhya Pradesh,22.8234,77.9669,28.51,2.5,50.0,90045.0,306153.0,3.4,140374.0,3172291,28550.62,46.0,58.0,-17.65,1
Jabalpur,Madhya Pradesh,22.2834,78.7169,28.5,7.5,50.0,69991.0,237969.0,3.4,164601.0,1685672,15171.05,51.0,39.0,-30.15,1
Jhabua,Madhya Pradesh,22.7484,78.4019,28.5,6.5,50.0,77130.0,262242.0,3.4,150112.0,1506572,13559.15,53.0,17.0,-27.65,1
Katni,Madhya Pradesh,23.1384,79.3619,28.51,5.5,50.0,32633.0,110952.0,3.4,145987.0,2839141,25552.27,44.0,44.0,-25.15,1
Khandwa,Madhya Pradesh,23.2434,78.6569,28.5,6.5,50.0,62473.0,212408.0,3.4,142999.0,4566766,41100.89,51.0,33.0,-27.65,1
Khargone,Madhya Pradesh,22.5234,78.3419,28.52,0.5,50.0,57316.0,194874.0,3.4,151589.0,3685416,33168.74,42.0,15.0,-12.66,0
Mandla,Madhya Pradesh,23.4084,78.9119,28.5,6.5,50.0,47140.0,160276.0,3.4,155409.0,3750898,33758.08,46.0,22.0,-27.65,1
Mandsaur,Madhya Pradesh,23.1834,78.8969,28.49,5.5,50.0,87531.0,297605.0,3.4,128347.0,3633534,32701.81,47.0,17.0,-25.15,1
Morena,Madhya Pradesh,22.9284,79.0019,28.5,0.5,50.0,17884.0,60805.0,3.4,144838.0,4510761,40596.85,42.0,42.0,-12.65,1
Narsinghpur,Madhya Pradesh,22.9284,78.9119,28.5,1.5,50.0,74990.0,254966.0,3.4,136783.0,4714982,42434.84,42.0,48.0,-15.15,1
Neemuch,Madhya Pradesh,23.3034,78.7919,28.51,7.5,50.0,64009.0,217630.0,3.4,125725.0,4935126,44416.13,48.0,39.0,-30.15,1
Panna,Madhya Pradesh,22.6284,78.1769,28.49,4.5,50.0,90163.0,306554.0,3.4,103761.0,2506574,22559.17,48.0,33.0,-22.65,1
Raisen,Madhya Pradesh,22.4634,78.6419,28.53,1.5,50.0,72844.0,247669.0,3.4,132343.0,3502493,31522.44,43.0,25.0,-15.16,1
Rajgarh,Madhya Pradesh,22.6884,78.9719,28.51,4.5,50.0,57820.0,196588.0,3.4,106314.0,3074658,27671.92,53.0,53.0,-22.65,1
Ratlam,Madhya Pradesh,23.5434,78.6719,28.52,4.5,50.0,49613.0,168684.0,3.4,113726.0,5081088,45729.79,46.0,43.0,-22.66,1
Rewa,Madhya Pradesh,22.3884,78.3269,28.54,5.5,50.0,39772.0,135224.0,3.4,172277.0,2533939,22805.45,49.0,58.0,-25.17,1
Sagar,Madhya Pradesh,22.9734,78.7919,28.5,3.5,50.0,79427.0,270051.0,3.4,167384.0,3556038,32004.34,42.0,39.0,-20.15,1
Satna,Madhya Pradesh,22.4334,78.8369,28.5,2.5,50.0,25538.0,86829.0,3.4,131724.0,4204394,37839.55,53.0,32.0,-17.65,1
Sehore,Madhya Pradesh,23.1834,78.0419,28.49,1.5,50.0,55973.0,190308.0,3.4,115484.0,2833953,25505.58,52.0,40.0,-15.15,1
Seoni,Madhya Pradesh,22.8234,78.3119,28.48,4.5,50.0,45379.0,154288.0,3.4,106324.0,2734663,24611.97,49.0,25.0,-22.64,1
Shahdol,Madhya Pradesh,23.1234,78.2219,28.48,3.5,50.0,36187.0,123035.0,3.4,162789.0,4426397,39837.57,53.0,38.0,-20.14,1
Shajapur,Madhya Pradesh,22.7184,78.4469,28.47,6.5,50.0,62608.0,212867.0,3.4,103349.0,5136394,46227.55,43.0,34.0,-27.64,1
Sheopur,Madhya Pradesh,22.2984,79.3919,28.48,4.5,50.0,26019.0,88464.0,3.4,149141.0,3925940,35333.46,47.0,38.0,-22.64,1
Shivpuri,Madhya Pradesh,23.4834,78.0869,28.52,3.5,50.0,21272.0,72324.0,3.4,125167.0,1648317,14834.85,52.0,28.0,-20.16,1
Sidhi,Madhya Pradesh,22.7184,79.1369,28.53,2.5,50.0,30751.0,104553.0,3.4,127578.0,4683481,42151.33,50.0,17.0,-17.66,1
Singrauli,Madhya Pradesh,22.4484,78.1619,28.47,1.5,50.0,35082.0,119278.0,3.4,164416.0,3229728,29067.55,46.0,55.0,-15.14,1
Tikamgarh,Madhya Pradesh,22.7634,79.2269,28.52,3.5,50.0,82737.0,281305.0,3.4,155349.0,3935535,35419.82,46.0,43.0,-20.16,1
Ujjain,Madhya Pradesh,22.7334,78.8969,28.5,7.5,50.0,68182.0,231818.0,3.4,96205.0,2418273,21764.46,49.0,25.0,-30.15,1
Umaria,Madhya Pradesh,22.3884,78.9419,28.51,4.5,50.0,16103.0,54750.0,3.4,188006.0,3908355,35175.19,53.0,47.0,-22.65,1
Vidisha,Madhya Pradesh,22.3584,78.9869,28.5,4.5,50.0,83029.0,282298.0,3.4,119481.0,2905040,26145.36,50.0,56.0,-22.65,1
Ahmednagar,Maharashtra,19.5565,76.3289,28.49,3.5,50.0,67931.0,50948.0,0.75,131763.0,4290607,38615.46,50.0,41.0,-20.15,1
Akola,Maharashtra,19.9015,75.8939,28.49,6.5,50.0,26472.0,19854.0,0.75,105978.0,1470119,13231.07,50.0,41.0,-27.65,1
Amravati,Maharashtra,19.3315,75.7739,28.48,1.5,50.0,38111.0,28583.0,0.75,126748.0,3479698,31317.28,50.0,41.0,-15.14,1
Aurangabad,Maharashtra,20.2915,74.9639,28.51,5.5,50.0,68382.0,164116.0,2.4,56624.0,2328172,20953.55,53.0,35.0,-25.15,1
Beed,Maharashtra,19.4965,76.3889,28.49,4.5,50.0,42343.0,31757.0,0.75,124987.0,2285452,20569.07,53.0,53.0,-22.65,1
Bhandara,Maharashtra,19.7815,76.3589,28.49,1.5,50.0,69613.0,52209.0,0.75,122262.0,4364032,39276.29,47.0,17.0,-15.15,1
Buldhana,Maharashtra,20.3365,75.5639,28.5,7.5,50.0,80132.0,60099.0,0.75,107889.0,5039484,45355.36,49.0,37.0,-30.15,1
Chandrapur,Maharashtra,19.9465,75.6089,28.51,3.5,50.0,27848.0,20886.0,0.75,88416.0,1685760,15171.84,53.0,32.0,-20.15,1
Dhule,Maharashtra,19.8565,75.7589,28.51,1.5,50.0,90782.0,68086.0,0.75,100733.0,2714377,24429.39,46.0,22.0,-15.15,1
Gadchiroli,Maharashtra,20.4565,76.1939,28.49,3.5,50.0,50885.0,38163.0,0.75,130310.0,3279458,29515.12,51.0,33.0,-20.15,1
Gondia,Maharashtra,19.6015,75.8189,28.48,4.5,50.0,40180.0,30135.0,0.75,110812.0,1894361,17049.25,48.0,30.0,-22.64,1
Hingoli,Maharashtra,19.1665,75.9389,28.5,1.5,50.0,94429.0,70821.0,0.75,115068.0,2637388,23736.49,50.0,38.0,-15.15,1
Jalgaon,Maharashtra,19.3615,75.3539,28.5,2.5,50.0,33973.0,25479.0,0.75,100654.0,3061707,27555.36,44.0,35.0,-17.65,1
Jalna,Maharashtra,19.6465,75.2939,28.5,5.5,50.0,49262.0,36946.0,0.75,119298.0,4297220,38674.98,51.0,30.0,-25.15,1
Kolhapur,Maharashtra,19.1065,76.4039,28.5,3.5,50.0,44408.0,33306.0,0.75,99158.0,2358808,21229.27,53.0,53.0,-20.15,1
Latur,Maharashtra,19.5265,75.2339,28.51,1.5,50.0,39233.0,29424.0,0.75,110019.0,4093444,36841.0,46.0,19.0,-15.15,1
Mumbai City,Maharashtra,19.076,72.8777,28.49,7.5,50.0,80740.0,60555.0,0.75,117675.0,3746281,33716.53,53.0,20.0,-30.15,1
Mumbai Suburban,Maharashtra,19.8115,76.2689,28.52,1.5,50.0,47037.0,35277.0,0.75,93310.0,2263589,20372.3,47.0,26.0,-15.16,1
Nagpur,Maharashtra,19.9765,75.5189,28.51,2.5,50.0,29117.0,21837.0,0.75,133922.0,4483438,40350.94,46.0,19.0,-17.65,1
Nanded,Maharashtra,20.1715,75.9539,28.5,5.5,50.0,66634.0,49975.0,0.75,88149.0,3767985,33911.86,46.0,46.0,-25.15,1
Nandurbar,Maharashtra,20.2465,76.4039,28.5,2.5,50.0,62859.0,47144.0,0.75,143420.0,2538339,22845.05,45.0,57.0,-17.65,1
Nashik,Maharashtra,19.9975,73.7898,28.51,7.5,35.0,71069.0,53301.0,0.75,104708.0,4023134,36208.21,46.0,58.0,-32.4,1
Osmanabad,Maharashtra,19.1515,75.7889,28.48,3.5,50.0,46793.0,35094.0,0.75,130306.0,3525798,31732.18,49.0,37.0,-20.14,1
Palghar,Maharashtra,19.2415,75.2789,28.48,5.5,50.0,81754.0,61315.0,0.75,124712.0,2619430,23574.87,46.0,22.0,-25.14,1
Parbhani,Maharashtra,20.3815,75.4289,28.49,6.5,50.0,38726.0,29044.0,0.75,114431.0,4755538,42799.84,53.0,44.0,-27.65,1
Pune,Maharashtra,18.5204,73.8567,28.5,7.5,50.0,58223.0,43667.0,0.75,151403.0,3866953,34802.58,47.0,35.0,-30.15,1
Raigad,Maharashtra,19.9015,76.1489,28.48,0.5,50.0,73529.0,55146.0,0.75,142020.0,2752039,24768.35,49.0,40.0,-12.64,1
Ratnagiri,Maharashtra,20.1415,75.1289,28.51,3.5,50.0,52894.0,39670.0,0.75,122937.0,2780685,25026.17,47.0,32.0,-20.15,1
Sangli,Maharashtra,20.0815,76.4339,28.5,1.5,50.0,59730.0,44797.0,0.75,111156.0,1577490,14197.41,49.0,28.0,-15.15,1
Satara,Maharashtra,20.2315,75.6239,28.5,2.5,50.0,83128.0,62346.0,0.75,109758.0,1788420,16095.78,50.0,17.0,-17.65,1
Sindhudurg,Maharashtra,19.7815,75.0689,28.49,1.5,50.0,29072.0,21804.0,0.75,97128.0,5065718,45591.46,46.0,28.0,-15.15,1
Solapur,Maharashtra,17.6599,75.9064,28.5,1.5,50.0,37759.0,28319.0,0.75,123397.0,3011302,27101.72,44.0,38.0,-15.15,1
Thane,Maharashtra,19.1065,76.0589,28.5,4.5,50.0,45258.0,33943.0,0.75,102988.0,3986330,35876.97,48.0,36.0,-22.65,1
Wardha,Maharashtra,19.3015,76.4489,28.49,7.5,50.0,84952.0,63714.0,0.75,100826.0,2336529,21028.76,49.0,31.0,-30.15,1
Yavatmal,Maharashtra,19.2715,76.1189,28.49,4.5,50.0,55307.0,41480.0,0.75,111165.0,1561408,14052.67,45.0,51.0,-22.65,1
Bishnupur,Manipur,24.5137,93.4413,28.49,7.5,50.0,60196.0,150490.0,2.5,43089.0,1517085,13653.76,46.0,31.0,-30.15,1
Chandel,Manipur,24.8137,93.3663,28.5,5.5,50.0,41689.0,104222.0,2.5,46847.0,5244125,47197.12,49.0,25.0,-25.15,1
Churachandpur,Manipur,25.3687,93.8613,28.5,7.5,50.0,42370.0,105925.0,2.5,50411.0,1449219,13042.97,47.0,29.0,-30.15,1
Imphal,Manipur,24.4687,94.4613,28.5,7.5,50.0,94533.0,236332.0,2.5,61918.0,3909478,35185.3,50.0,44.0,-30.15,1
East,Manipur,25.0387,93.1713,28.49,0.5,50.0,89800.0,224500.0,2.5,37184.0,3338652,30047.87,51.0,15.0,-12.65,0
Imphal,Manipur,24.4687,94.4613,28.5,7.5,50.0,94533.0,236332.0,2.5,61918.0,3909478,35185.3,50.0,44.0,-30.15,1
West,Manipur,25.2787,93.6513,28.49,4.5,50.0,30208.0,75520.0,2.5,41738.0,1904389,17139.5,43.0,49.0,-22.65,1
Senapati,Manipur,24.2437,93.9063,28.51,2.5,50.0,31719.0,79297.0,2.5,70289.0,3511582,31604.24,49.0,16.0,-17.65,1
Tamenglong,Manipur,24.8887,93.7713,28.51,3.5,50.0,34133.0,85332.0,2.5,54861.0,2309559,20786.03,51.0,27.0,-20.15,1
Thoubal,Manipur,24.4537,93.3663,28.49,2.5,50.0,86168.0,215420.0,2.5,56166.0,1861048,16749.43,48.0,51.0,-17.65,1
Ukhrul,Manipur,24.4537,94.2063,28.5,5.5,50.0,91761.0,229402.0,2.5,47036.0,2171574,19544.17,52.0,22.0,-25.15,1
East Garo Hills,Meghalaya,25.527,90.6912,28.49,3.5,50.0,67172.0,167930.0,2.5,37917.0,3025996,27233.96,52.0,28.0,-20.15,1
East Jaintia Hills,Meghalaya,25.617,91.0962,28.48,4.5,50.0,57262.0,143155.0,2.5,48217.0,2914908,26234.17,43.0,28.0,-22.64,1
East Khasi Hills,Meghalaya,25.152,91.3962,28.53,4.5,50.0,39864.0,99660.0,2.5,40018.0,4234463,38110.17,49.0,31.0,-22.66,1
North Garo Hills,Meghalaya,26.022,91.3362,28.47,5.5,50.0,95039.0,237597.0,2.5,41186.0,5236735,47130.61,47.0,47.0,-25.14,1
Ri Bhoi,Meghalaya,24.792,91.2912,28.51,2.5,50.0,27923.0,69807.0,2.5,42857.0,5258158,47323.42,43.0,19.0,-17.65,1
South Garo Hills,Meghalaya,25.197,91.1562,28.5,4.5,50.0,28030.0,70075.0,2.5,52286.0,4077877,36700.89,43.0,34.0,-22.65,1
South West Garo Hills,Meghalaya,25.197,91.3962,28.51,6.5,50.0,69179.0,172947.0,2.5,42683.0,5033045,45297.4,42.0,27.0,-27.65,1
South West Khasi Hills,Meghalaya,25.602,91.1262,28.5,3.5,50.0,52656.0,131640.0,2.5,59659.0,3594885,32353.97,44.0,23.0,-20.15,1
West Garo Hills,Meghalaya,25.332,91.4262,28.47,1.5,50.0,54072.0,135180.0,2.5,41389.0,4646004,41814.04,47.0,38.0,-15.14,1
West Jaintia Hills,Meghalaya,25.827,91.3662,28.52,6.5,50.0,94254.0,235635.0,2.5,46108.0,5092391,45831.52,49.0,49.0,-27.66,1
West Khasi Hills,Meghalaya,24.972,92.0712,28.51,5.5,50.0,94618.0,236545.0,2.5,64090.0,1442906,12986.15,52.0,31.0,-25.15,1
Aizawl,Mizoram,23.7645,92.2026,28.51,7.5,50.0,75940.0,189850.0,2.5,64878.0,1651150,14860.35,46.0,52.0,-30.15,1
Champhai,Mizoram,22.6545,92.9226,28.49,1.5,50.0,71560.0,178900.0,2.5,51850.0,1374582,12371.24,42.0,57.0,-15.15,1
Kolasib,Mizoram,23.6595,93.5226,28.5,1.5,50.0,17273.0,43182.0,2.5,58926.0,5230454,47074.09,49.0,28.0,-15.15,1
Lawngtlai,Mizoram,23.4795,92.3376,28.48,4.5,50.0,74435.0,186087.0,2.5,56902.0,2620543,23584.89,45.0,39.0,-22.64,1
Lunglei,Mizoram,22.8945,93.0276,28.52,5.5,50.0,43732.0,109330.0,2.5,31733.0,2700837,24307.53,42.0,21.0,-25.16,1
Mamit,Mizoram,23.6445,92.9526,28.48,0.5,50.0,75644.0,189110.0,2.5,55706.0,2558838,23029.54,45.0,54.0,-12.64,1
Saiha,Mizoram,23.8695,93.1626,28.53,3.5,50.0,97029.0,242572.0,2.5,46497.0,2308023,20772.21,52.0,19.0,-20.16,1
Serchhip,Mizoram,23.1795,92.5326,28.52,5.5,50.0,64032.0,160080.0,2.5,60134.0,1479663,13316.97,48.0,36.0,-25.16,1
Dimapur,Nagaland,26.3534,94.3374,28.49,7.5,50.0,39750.0,99375.0,2.5,61480.0,1954826,17593.43,51.0,24.0,-30.15,1
Kiphire,Nagaland,26.4434,94.4424,28.51,1.5,50.0,82707.0,206767.0,2.5,38196.0,3106092,27954.83,49.0,34.0,-15.15,1
Kohima,Nagaland,26.2784,94.8924,28.51,5.5,50.0,55005.0,137512.0,2.5,45636.0,1709995,15389.95,44.0,29.0,-25.15,1
Longleng,Nagaland,26.1884,94.9524,28.49,4.5,50.0,78071.0,195177.0,2.5,55260.0,3709256,33383.3,47.0,17.0,-22.65,1
Mokokchung,Nagaland,26.1734,94.8024,28.48,3.5,50.0,52366.0,130915.0,2.5,41416.0,3672341,33051.07,43.0,37.0,-20.14,1
Mon,Nagaland,26.7284,95.0874,28.5,5.5,50.0,73967.0,184917.0,2.5,50391.0,2305336,20748.02,43.0,49.0,-25.15,1
Peren,Nagaland,26.0984,95.0274,28.49,3.5,50.0,19865.0,49662.0,2.5,42979.0,4134119,37207.07,47.0,41.0,-20.15,1
Phek,Nagaland,26.1884,94.8924,28.5,4.5,50.0,96274.0,240685.0,2.5,60106.0,2783679,25053.11,48.0,54.0,-22.65,1
Tuensang,Nagaland,25.6334,94.0524,28.49,4.5,50.0,44717.0,111792.0,2.5,61229.0,5271546,47443.91,52.0,40.0,-22.65,1
Wokha,Nagaland,25.4834,94.8174,28.48,3.5,50.0,70587.0,176467.0,2.5,44140.0,3271103,29439.93,52.0,28.0,-20.14,1
Zunheboto,Nagaland,25.5884,94.2924,28.49,7.5,50.0,90395.0,225987.0,2.5,49277.0,2144904,19304.14,52.0,34.0,-30.15,1
Angul,Odisha,20.3667,85.2935,28.49,5.5,50.0,16681.0,43370.0,2.6,44161.0,2677356,24096.2,48.0,48.0,-25.15,1
Balangir,Odisha,21.0117,84.5735,28.47,2.5,50.0,46874.0,121872.0,2.6,44310.0,5001606,45014.45,46.0,37.0,-17.64,1
Balasore,Odisha,20.2467,84.3935,28.47,1.5,50.0,94962.0,246901.0,2.6,59045.0,2646589,23819.3,52.0,19.0,-15.14,1
Bargarh,Odisha,20.3067,85.3985,28.51,6.5,50.0,68997.0,179392.0,2.6,51306.0,4710536,42394.82,52.0,52.0,-27.65,1
Bhadrak,Odisha,20.8317,84.7685,28.48,6.5,50.0,92643.0,240871.0,2.6,37748.0,3831087,34479.78,50.0,41.0,-27.64,1
Boudh,Odisha,20.8917,85.5485,28.53,5.5,50.0,91842.0,238789.0,2.6,54368.0,3253644,29282.8,46.0,34.0,-25.16,1
Cuttack,Odisha,20.4867,85.7735,28.5,5.5,50.0,57029.0,148275.0,2.6,43509.0,3880427,34923.84,44.0,47.0,-25.15,1
Deogarh,Odisha,20.5317,85.4135,28.5,3.5,50.0,31006.0,80615.0,2.6,45478.0,4276750,38490.75,49.0,34.0,-20.15,1
Dhenkanal,Odisha,21.4167,84.9785,28.5,5.5,50.0,24898.0,64734.0,2.6,55795.0,2337067,21033.6,47.0,29.0,-25.15,1
Gajapati,Odisha,21.1767,84.9035,28.49,7.5,50.0,50381.0,130990.0,2.6,35194.0,1817521,16357.69,52.0,43.0,-30.15,1
Ganjam,Odisha,21.0117,85.4885,28.48,3.5,50.0,95864.0,249246.0,2.6,31167.0,2050646,18455.81,47.0,50.0,-20.14,1
Jagatsinghapur,Odisha,20.6967,85.0385,28.51,5.5,50.0,92710.0,241046.0,2.6,54259.0,3467595,31208.35,45.0,45.0,-25.15,1
Jajpur,Odisha,20.8467,85.4735,28.52,0.5,50.0,89645.0,233077.0,2.6,50882.0,2129135,19162.22,46.0,25.0,-12.66,0
Jharsuguda,Odisha,20.9367,85.4735,28.46,5.5,50.0,73134.0,190148.0,2.6,32165.0,3230868,29077.81,46.0,22.0,-25.13,1
Kalahandi,Odisha,21.3567,85.2335,28.49,3.5,50.0,20434.0,53128.0,2.6,47912.0,3911246,35201.21,51.0,48.0,-20.15,1
Kandhamal,Odisha,21.5517,84.3935,28.48,1.5,50.0,28346.0,73699.0,2.6,43269.0,2599042,23391.38,44.0,38.0,-15.14,1
Kendrapara,Odisha,20.3967,84.6335,28.5,4.5,50.0,17914.0,46576.0,2.6,42646.0,3719991,33479.92,42.0,24.0,-22.65,1
Kendujhar,Odisha,20.2917,85.2185,28.51,6.5,50.0,91424.0,237702.0,2.6,64157.0,4221598,37994.38,48.0,54.0,-27.65,1
Khordha,Odisha,21.5367,84.7535,28.49,7.5,50.0,64287.0,167146.0,2.6,52591.0,3173905,28565.15,50.0,20.0,-30.15,1
Koraput,Odisha,20.8467,85.3085,28.52,4.5,50.0,25384.0,65998.0,2.6,43068.0,4524886,40723.97,45.0,57.0,-22.66,1
Malkangiri,Odisha,20.6067,85.2335,28.5,5.5,50.0,53995.0,140387.0,2.6,44998.0,3704142,33337.28,48.0,48.0,-25.15,1
Mayurbhanj,Odisha,20.8467,84.7835,28.52,0.5,50.0,73914.0,192176.0,2.6,31376.0,3267011,29403.1,49.0,37.0,-12.66,1
Nabarangpur,Odisha,21.2367,85.0685,28.49,3.5,50.0,33983.0,88355.0,2.6,58444.0,4683616,42152.54,46.0,37.0,-20.15,1
Nayagarh,Odisha,20.8017,84.5585,28.5,2.5,50.0,63317.0,164624.0,2.6,65773.0,3893394,35040.55,48.0,15.0,-17.65,1
Nuapada,Odisha,21.2517,85.0235,28.53,1.5,50.0,26470.0,68822.0,2.6,51003.0,4108506,36976.55,53.0,56.0,-15.16,1
Puri,Odisha,20.6217,84.7685,28.52,0.5,50.0,99498.0,258694.0,2.6,62487.0,3304342,29739.08,46.0,16.0,-12.66,0
Rayagada,Odisha,21.4767,84.3785,28.49,7.5,50.0,80747.0,209942.0,2.6,51517.0,2001592,18014.33,50.0,47.0,-30.15,1
Sambalpur,Odisha,20.6667,84.7385,28.5,5.5,50.0,48545.0,126217.0,2.6,47752.0,2055159,18496.43,48.0,30.0,-25.15,1
Subarnapur,Odisha,20.5017,84.4385,28.51,0.5,50.0,65957.0,171488.0,2.6,32786.0,1977370,17796.33,50.0,41.0,-12.65,1
Sundargarh,Odisha,20.2167,85.4885,28.5,3.5,50.0,23478.0,61042.0,2.6,37898.0,3986505,35878.54,47.0,56.0,-20.15,1
Amritsar,Punjab,31.634,74.8723,28.51,1.5,50.0,46250.0,194250.0,4.2,188418.0,5049607,45446.46,52.0,55.0,-15.15,1
Barnala,Punjab,31.2521,75.0712,28.51,6.5,50.0,39636.0,166471.0,4.2,162673.0,2433407,21900.66,44.0,41.0,-27.65,1
Bathinda,Punjab,31.1771,75.9262,28.49,0.5,50.0,83169.0,349309.0,4.2,166492.0,3413866,30724.79,43.0,58.0,-12.65,1
Faridkot,Punjab,31.6871,75.2662,28.5,7.5,50.0,35310.0,148302.0,4.2,255640.0,4821099,43389.89,43.0,46.0,-30.15,1
Fatehgarh Sahib,Punjab,31.0421,74.6062,28.5,1.5,50.0,60975.0,256095.0,4.2,263574.0,5252196,47269.76,44.0,23.0,-15.15,1
Fazilka,Punjab,31.2071,75.4612,28.5,6.5,50.0,73562.0,308960.0,4.2,186785.0,4181364,37632.28,43.0,19.0,-27.65,1
Firozpur,Punjab,30.8471,75.0262,28.48,1.5,50.0,30183.0,126768.0,4.2,223280.0,1579256,14213.3,44.0,50.0,-15.14,1
Gurdaspur,Punjab,31.0121,75.9262,28.48,4.5,50.0,102339.0,429823.0,4.2,127131.0,3201416,28812.74,49.0,25.0,-22.64,1
Hoshiarpur,Punjab,30.6221,76.0762,28.5,0.5,50.0,73267.0,307721.0,4.2,192667.0,1994153,17947.38,48.0,30.0,-12.65,1
Jalandhar,Punjab,31.8071,74.6062,28.52,4.5,50.0,38068.0,159885.0,4.2,133328.0,2435002,21915.02,51.0,36.0,-22.66,1
Kapurthala,Punjab,30.5471,75.6712,28.5,2.5,50.0,50828.0,213477.0,4.2,201878.0,2639268,23753.41,43.0,22.0,-17.65,1
Ludhiana,Punjab,30.901,75.8573,28.5,0.5,88.0,28079.0,117931.0,4.2,232988.0,4653898,41885.08,49.0,19.0,-6.95,0
Mansa,Punjab,30.8771,75.6712,28.49,7.5,50.0,97365.0,408933.0,4.2,211950.0,3571159,32140.43,49.0,28.0,-30.15,1
Moga,Punjab,30.9221,74.7562,28.48,3.5,50.0,59355.0,249291.0,4.2,158291.0,1453843,13084.59,50.0,32.0,-20.14,1
Muktsar,Punjab,31.4321,75.8962,28.51,7.5,50.0,94924.0,398680.0,4.2,186836.0,2292178,20629.6,46.0,37.0,-30.15,1
Pathankot,Punjab,31.2821,74.6962,28.52,5.5,50.0,23591.0,99082.0,4.2,246570.0,3714544,33430.9,44.0,35.0,-25.16,1
Patiala,Punjab,31.8071,75.8062,28.47,4.5,50.0,79355.0,333291.0,4.2,201501.0,1874722,16872.5,51.0,51.0,-22.64,1
Rupnagar,Punjab,30.4421,75.1012,28.52,2.5,50.0,91034.0,382342.0,4.2,159422.0,3965931,35693.38,49.0,58.0,-17.66,1
Sahibzada Ajit Singh Nagar,Punjab,31.0571,75.7612,28.48,6.5,50.0,68199.0,286435.0,4.2,249692.0,5293454,47641.09,46.0,52.0,-27.64,1
Sangrur,Punjab,31.2821,74.7862,28.5,7.5,50.0,18412.0,77330.0,4.2,209776.0,3023617,27212.55,53.0,17.0,-30.15,1
Shahid Bhagat Singh Nagar,Punjab,31.7471,74.7112,28.5,3.5,50.0,51841.0,217732.0,4.2,251833.0,3307626,29768.63,45.0,36.0,-20.15,1
Tarn Taran,Punjab,31.1471,74.8012,28.5,4.5,50.0,63914.0,268438.0,4.2,121603.0,2278809,20509.28,46.0,58.0,-22.65,1
Ajmer,Rajasthan,27.2638,74.1579,28.51,2.5,50.0,25000.0,75000.0,3.0,58253.0,2190314,19712.83,43.0,28.0,-17.65,1
Alwar,Rajasthan,27.0838,74.2779,28.49,5.5,50.0,25000.0,75000.0,3.0,52498.0,4000615,36005.54,53.0,38.0,-25.15,1
Banswara,Rajasthan,27.1588,74.2179,28.51,2.5,50.0,25000.0,75000.0,3.0,56132.0,2608097,23472.87,52.0,34.0,-17.65,1
Baran,Rajasthan,26.7538,74.7279,28.52,3.5,50.0,25000.0,75000.0,3.0,54314.0,2030366,18273.29,53.0,17.0,-20.16,1
Barmer,Rajasthan,26.9638,74.6079,28.51,6.5,50.0,25000.0,75000.0,3.0,61030.0,2587616,23288.54,44.0,53.0,-27.65,1
Bharatpur,Rajasthan,26.6788,74.1879,28.52,3.5,50.0,25000.0,75000.0,3.0,60731.0,1978423,17805.81,48.0,45.0,-20.16,1
Bhilwara,Rajasthan,27.6538,73.4829,28.5,2.5,50.0,25000.0,75000.0,3.0,56807.0,3057168,27514.51,44.0,17.0,-17.65,1
Bikaner,Rajasthan,27.3688,74.2329,28.49,6.5,50.0,25000.0,75000.0,3.0,58013.0,4145363,37308.27,46.0,40.0,-27.65,1
Bundi,Rajasthan,26.4988,73.9779,28.51,6.5,50.0,25000.0,75000.0,3.0,59213.0,3915563,35240.07,42.0,39.0,-27.65,1
Chittorgarh,Rajasthan,26.9488,74.0979,28.52,5.5,50.0,25000.0,75000.0,3.0,31823.0,2700761,24306.85,47.0,44.0,-25.16,1
Churu,Rajasthan,26.4988,73.6029,28.5,0.5,50.0,25000.0,75000.0,3.0,53213.0,4642128,41779.15,51.0,33.0,-12.65,1
Dausa,Rajasthan,26.4238,74.3379,28.48,1.5,50.0,25000.0,75000.0,3.0,40441.0,2977960,26801.64,51.0,54.0,-15.14,1
Dholpur,Rajasthan,26.8888,73.9179,28.53,3.5,50.0,25000.0,75000.0,3.0,69924.0,3098360,27885.24,44.0,23.0,-20.16,1
Dungarpur,Rajasthan,26.3488,74.6979,28.5,3.5,50.0,25000.0,75000.0,3.0,44963.0,4748708,42738.37,44.0,38.0,-20.15,1
Ganganagar,Rajasthan,27.3988,73.7229,28.51,6.5,50.0,25000.0,75000.0,3.0,52800.0,4363698,39273.28,51.0,51.0,-27.65,1
Hanumangarh,Rajasthan,26.7388,73.6629,28.48,3.5,50.0,25000.0,75000.0,3.0,45940.0,4886711,43980.4,46.0,28.0,-20.14,1
Jaipur,Rajasthan,26.9124,75.7873,28.48,7.5,50.0,25000.0,75000.0,3.0,41610.0,2940599,26465.39,47.0,23.0,-30.14,1
Jaisalmer,Rajasthan,27.0388,73.6479,28.49,5.5,50.0,25000.0,75000.0,3.0,52792.0,1715202,15436.82,53.0,20.0,-25.15,1
Jalore,Rajasthan,27.3688,74.4579,28.5,0.5,50.0,25000.0,75000.0,3.0,48027.0,4151594,37364.35,47.0,29.0,-12.65,1
Jhalawar,Rajasthan,26.9338,74.2629,28.51,3.5,50.0,25000.0,75000.0,3.0,38474.0,1690550,15214.95,52.0,58.0,-20.15,1
Jhunjhunu,Rajasthan,26.7988,73.9479,28.48,6.5,50.0,25000.0,75000.0,3.0,59972.0,3967754,35709.79,43.0,46.0,-27.64,1
Jodhpur,Rajasthan,26.3638,74.7429,28.52,0.5,50.0,25000.0,75000.0,3.0,49023.0,2146956,19322.6,53.0,50.0,-12.66,1
Karauli,Rajasthan,26.6938,74.1129,28.49,6.5,50.0,25000.0,75000.0,3.0,49651.0,1945153,17506.38,43.0,55.0,-27.65,1
Kota,Rajasthan,27.2188,73.9629,28.49,3.5,50.0,25000.0,75000.0,3.0,41845.0,2318583,20867.25,47.0,20.0,-20.15,1
Nagaur,Rajasthan,27.0838,73.8579,28.48,5.5,50.0,25000.0,75000.0,3.0,37003.0,1655259,14897.33,45.0,24.0,-25.14,1
Pali,Rajasthan,27.7588,74.0529,28.51,4.5,50.0,25000.0,75000.0,3.0,55402.0,1552571,13973.14,46.0,58.0,-22.65,1
Pratapgarh,Rajasthan,26.7988,73.7529,28.5,4.5,50.0,67117.0,181215.0,2.7,41590.0,5041408,45372.67,52.0,49.0,-22.65,1
Rajsamand,Rajasthan,26.7538,73.8129,28.48,2.5,50.0,25000.0,75000.0,3.0,62243.0,4880025,43920.22,53.0,50.0,-17.64,1
Sawai Madhopur,Rajasthan,26.9638,73.8279,28.51,1.5,50.0,25000.0,75000.0,3.0,52527.0,2037965,18341.69,49.0,31.0,-15.15,1
Sikar,Rajasthan,27.3538,74.7429,28.5,5.5,50.0,25000.0,75000.0,3.0,37510.0,4529117,40762.05,44.0,47.0,-25.15,1
Sirohi,Rajasthan,27.0688,73.9029,28.49,3.5,50.0,25000.0,75000.0,3.0,45209.0,3603430,32430.87,48.0,27.0,-20.15,1
Tonk,Rajasthan,26.9638,74.5479,28.5,6.5,50.0,25000.0,75000.0,3.0,32547.0,3229033,29061.3,49.0,28.0,-27.65,1
Udaipur,Rajasthan,26.4538,74.8779,28.49,1.5,50.0,25000.0,75000.0,3.0,37192.0,3245800,29212.2,45.0,33.0,-15.15,1
East Sikkim,Sikkim,28.223,88.4522,28.52,1.5,50.0,75922.0,189805.0,2.5,43333.0,1866971,16802.74,44.0,32.0,-15.16,1
North Sikkim,Sikkim,28.013,89.1572,28.5,5.5,50.0,49659.0,124147.0,2.5,33206.0,5254217,47287.95,45.0,36.0,-25.15,1
South Sikkim,Sikkim,27.023,88.1372,28.51,5.5,50.0,43107.0,107767.0,2.5,34886.0,5021323,45191.91,44.0,50.0,-25.15,1
West Sikkim,Sikkim,27.263,87.9422,28.51,1.5,50.0,45562.0,113905.0,2.5,29792.0,3710945,33398.5,42.0,51.0,-15.15,1
Ariyalur,Tamil Nadu,10.5871,78.9569,28.49,0.5,50.0,83213.0,316209.0,3.8,123418.0,2616545,23548.9,53.0,41.0,-12.65,1
Chengalpattu,Tamil Nadu,11.3371,78.5519,28.49,4.5,50.0,49664.0,188723.0,3.8,99961.0,1997278,17975.5,45.0,33.0,-22.65,1
Chennai,Tamil Nadu,13.0827,80.2707,28.5,7.5,50.0,39428.0,149826.0,3.8,135147.0,2494171,22447.54,45.0,21.0,-30.15,1
Coimbatore,Tamil Nadu,11.0168,76.9558,28.49,2.5,50.0,79032.0,300321.0,3.8,124561.0,3828351,34455.16,42.0,18.0,-17.65,1
Cuddalore,Tamil Nadu,10.9021,78.8669,28.5,1.5,50.0,61715.0,234517.0,3.8,82093.0,4847116,43624.04,52.0,25.0,-15.15,1
Dharmapuri,Tamil Nadu,10.9321,78.3719,28.51,4.5,50.0,94500.0,359100.0,3.8,78071.0,2715762,24441.86,51.0,51.0,-22.65,1
Dindigul,Tamil Nadu,11.2321,78.2969,28.49,7.5,50.0,14932.0,56741.0,3.8,112189.0,3014651,27131.86,48.0,30.0,-30.15,1
Erode,Tamil Nadu,11.7271,78.6419,28.51,4.5,62.0,33850.0,128630.0,3.8,83987.0,2639143,23752.29,44.0,41.0,-20.85,1
Kanchipuram,Tamil Nadu,11.1271,78.1319,28.51,6.5,50.0,92200.0,350360.0,3.8,124519.0,1792551,16132.96,44.0,53.0,-27.65,1
Kanyakumari,Tamil Nadu,11.2771,79.2719,28.51,3.5,50.0,93391.0,354885.0,3.8,126159.0,3044242,27398.18,49.0,31.0,-20.15,1
Karur,Tamil Nadu,11.7271,78.0119,28.49,3.5,50.0,31239.0,118708.0,3.8,150708.0,4942723,44484.51,46.0,31.0,-20.15,1
Krishnagiri,Tamil Nadu,10.3921,79.2719,28.47,1.5,50.0,72290.0,274702.0,3.8,122653.0,4355238,39197.14,51.0,33.0,-15.14,1
Madurai,Tamil Nadu,9.9252,78.1198,28.47,4.5,67.99,47483.0,180435.0,3.8,143815.0,2458093,22122.84,47.0,38.0,-19.94,1
Mayiladuthurai,Tamil Nadu,11.6371,78.8669,28.52,7.5,50.0,18710.0,71098.0,3.8,125959.0,4732686,42594.17,53.0,59.0,-30.16,1
Nagapattinam,Tamil Nadu,10.7672,79.8449,28.5,5.5,50.0,84759.0,322084.0,3.8,102401.0,4919828,44278.45,48.0,48.0,-25.15,1
Namakkal,Tamil Nadu,11.0821,79.3469,28.49,3.5,50.0,45199.0,171756.0,3.8,136451.0,4950599,44555.39,48.0,51.0,-20.15,1
Nilgiris,Tamil Nadu,10.6321,78.4469,28.51,4.5,50.0,28966.0,110070.0,3.8,134658.0,3577761,32199.85,44.0,32.0,-22.65,1
Perambalur,Tamil Nadu,11.3221,78.6869,28.52,6.5,50.0,28088.0,106734.0,3.8,95637.0,1691943,15227.49,44.0,59.0,-27.66,1
Pudukkottai,Tamil Nadu,11.8471,78.7469,28.51,7.5,50.0,46836.0,177976.0,3.8,122799.0,2665873,23992.86,53.0,17.0,-30.15,1
Ramanathapuram,Tamil Nadu,11.2621,78.6419,28.49,0.5,50.0,100652.0,382477.0,3.8,108822.0,4458431,40125.88,50.0,47.0,-12.65,1
Ranipet,Tamil Nadu,11.3221,79.3469,28.51,5.5,50.0,55478.0,210816.0,3.8,157030.0,1355605,12200.44,45.0,36.0,-25.15,1
Salem,Tamil Nadu,11.4871,78.5519,28.49,6.5,50.0,70541.0,268055.0,3.8,84848.0,2456342,22107.08,45.0,54.0,-27.65,1
Sivaganga,Tamil Nadu,11.6071,78.2969,28.52,1.5,50.0,28902.0,109827.0,3.8,133184.0,3887574,34988.17,43.0,25.0,-15.16,1
Tenkasi,Tamil Nadu,11.4271,77.9819,28.52,6.5,50.0,91953.0,349421.0,3.8,114358.0,4700032,42300.29,46.0,55.0,-27.66,1
Thanjavur,Tamil Nadu,10.787,79.1378,28.52,4.5,45.0,50133.0,190505.0,3.8,115524.0,2387933,21491.4,44.0,20.0,-23.41,1
Theni,Tamil Nadu,10.6771,79.2419,28.5,5.5,50.0,95627.0,363382.0,3.8,95427.0,1965311,17687.8,48.0,39.0,-25.15,1
Thoothukudi,Tamil Nadu,11.2021,79.3319,28.5,0.5,50.0,62454.0,237325.0,3.8,86547.0,3688750,33198.75,49.0,34.0,-12.65,1
Tiruchirappalli,Tamil Nadu,10.7905,78.7047,28.49,2.5,50.0,44580.0,169404.0,3.8,141222.0,5083301,45749.71,50.0,32.0,-17.65,1
Tirunelveli,Tamil Nadu,11.5771,78.6419,28.51,6.5,50.0,80566.0,306150.0,3.8,129980.0,1895582,17060.24,51.0,18.0,-27.65,1
Tirupathur,Tamil Nadu,11.8321,78.5219,28.52,4.5,50.0,63613.0,241729.0,3.8,97183.0,4797379,43176.41,53.0,56.0,-22.66,1
Tiruppur,Tamil Nadu,11.8321,78.1319,28.48,6.5,50.0,81908.0,311250.0,3.8,95782.0,3386907,30482.16,42.0,18.0,-27.64,1
Tiruvallur,Tamil Nadu,11.5471,78.8969,28.46,5.5,50.0,99605.0,378499.0,3.8,119061.0,3382175,30439.58,43.0,49.0,-25.13,1
Tiruvannamalai,Tamil Nadu,10.4221,77.9219,28.48,1.5,50.0,17933.0,68145.0,3.8,87054.0,4970154,44731.39,50.0,50.0,-15.14,1
Tiruvarur,Tamil Nadu,11.0671,79.2869,28.51,6.5,42.0,93478.0,355216.0,3.8,144466.0,4953602,44582.42,45.0,21.0,-28.85,1
Vellore,Tamil Nadu,11.0221,78.0569,28.49,4.5,50.0,59106.0,224602.0,3.8,114535.0,4006576,36059.18,43.0,43.0,-22.65,1
Viluppuram,Tamil Nadu,11.0671,78.9419,28.5,5.5,50.0,66394.0,252297.0,3.8,123334.0,2006491,18058.42,49.0,19.0,-25.15,1
Virudhunagar,Tamil Nadu,10.6321,78.5969,28.5,7.5,50.0,18348.0,69722.0,3.8,108519.0,1939251,17453.26,53.0,32.0,-30.15,1
Adilabad,Telangana,17.9474,78.4193,28.53,7.5,50.0,87216.0,357585.0,4.1,118158.0,4841873,43576.86,47.0,17.0,-30.16,1
Bhadradri Kothagudem,Telangana,18.2774,78.4343,28.51,0.5,50.0,49882.0,204516.0,4.1,90094.0,2153123,19378.11,42.0,18.0,-12.65,0
Hyderabad,Telangana,17.385,78.4867,28.5,6.5,50.0,96146.0,394198.0,4.1,112338.0,4860910,43748.19,53.0,26.0,-27.65,1
Jagtial,Telangana,17.6624,78.5543,28.48,0.5,50.0,52472.0,215135.0,4.1,126458.0,1730358,15573.22,51.0,15.0,-12.64,0
Jangaon,Telangana,17.3924,79.1393,28.5,1.5,50.0,44670.0,183146.0,4.1,119332.0,4146327,37316.94,49.0,25.0,-15.15,1
Jayashankar Bhupalpally,Telangana,18.7574,79.1993,28.51,0.5,50.0,76523.0,313744.0,4.1,84707.0,2960163,26641.47,45.0,45.0,-12.65,1
Jogulamba Gadwal,Telangana,17.6624,79.6493,28.49,7.5,50.0,84689.0,347224.0,4.1,94708.0,3445479,31009.31,42.0,33.0,-30.15,1
Kamareddy,Telangana,17.6324,79.3493,28.48,2.5,50.0,90661.0,371710.0,4.1,101164.0,2467826,22210.43,49.0,16.0,-17.64,1
Karimnagar,Telangana,17.5724,78.6743,28.51,4.5,50.0,43305.0,177550.0,4.1,141499.0,3870179,34831.61,50.0,38.0,-22.65,1
Khammam,Telangana,18.4424,79.1693,28.49,3.5,50.0,92832.0,380611.0,4.1,155259.0,3112036,28008.32,52.0,49.0,-20.15,1
Kumuram Bheem,Telangana,18.0824,79.6643,28.47,2.5,50.0,87282.0,357856.0,4.1,127751.0,2517772,22659.95,49.0,25.0,-17.64,1
Mahabubabad,Telangana,18.2474,78.4343,28.45,7.5,50.0,57060.0,233945.0,4.1,116367.0,4075060,36675.54,51.0,54.0,-30.13,1
Mahabubnagar,Telangana,18.7874,79.1243,28.48,3.5,50.0,19637.0,80511.0,4.1,136860.0,2689624,24206.62,51.0,30.0,-20.14,1
Mancherial,Telangana,17.6774,79.6643,28.52,7.5,50.0,68735.0,281813.0,4.1,84025.0,2886242,25976.18,48.0,24.0,-30.16,1
Medak,Telangana,18.2924,79.2443,28.5,7.5,50.0,43629.0,178878.0,4.1,69157.0,3291902,29627.12,50.0,41.0,-30.15,1
Medchal Malkajgiri,Telangana,18.5624,78.3743,28.5,1.5,50.0,33562.0,137604.0,4.1,110368.0,3398078,30582.7,44.0,47.0,-15.15,1
Mulugu,Telangana,17.4224,78.5393,28.48,3.5,50.0,79172.0,324605.0,4.1,152524.0,3184920,28664.28,53.0,20.0,-20.14,1
Nagarkurnool,Telangana,17.6624,79.1393,28.5,2.5,50.0,61580.0,252477.0,4.1,82953.0,1553673,13983.06,48.0,21.0,-17.65,1
Nalgonda,Telangana,18.5624,79.6643,28.51,3.5,50.0,84760.0,347515.0,4.1,121949.0,4655439,41898.95,44.0,56.0,-20.15,1
Narayanpet,Telangana,18.0224,79.0793,28.5,7.5,50.0,19996.0,81983.0,4.1,147826.0,5257614,47318.53,44.0,26.0,-30.15,1
Nirmal,Telangana,18.6074,78.6443,28.47,4.5,50.0,53414.0,218997.0,4.1,85230.0,2037681,18339.13,53.0,44.0,-22.64,1
Nizamabad,Telangana,18.8024,79.4993,28.51,3.5,50.0,20912.0,85739.0,4.1,106804.0,2671004,24039.04,47.0,26.0,-20.15,1
Peddapalli,Telangana,18.3374,79.5143,28.48,3.5,50.0,73893.0,302961.0,4.1,100333.0,4626367,41637.3,48.0,21.0,-20.14,1
Rajanna Sircilla,Telangana,18.4724,78.8093,28.49,2.5,50.0,86385.0,354178.0,4.1,85782.0,2470286,22232.57,48.0,39.0,-17.65,1
Rangareddy,Telangana,18.6374,78.4793,28.5,0.5,50.0,57181.0,234442.0,4.1,91913.0,4037870,36340.83,51.0,15.0,-12.65,0
Sangareddy,Telangana,18.0224,79.0493,28.5,3.5,50.0,35317.0,144799.0,4.1,73346.0,3111072,27999.65,45.0,39.0,-20.15,1
Siddipet,Telangana,17.6774,78.9293,28.49,6.5,50.0,61568.0,252428.0,4.1,114860.0,4096317,36866.85,44.0,59.0,-27.65,1
Suryapet,Telangana,18.5924,78.3443,28.46,2.5,50.0,49885.0,204528.0,4.1,147673.0,3037132,27334.19,47.0,26.0,-17.63,1
Vikarabad,Telangana,18.2774,78.9593,28.5,1.5,50.0,38812.0,159129.0,4.1,83234.0,2837274,25535.47,51.0,42.0,-15.15,1
Wanaparthy,Telangana,18.7424,79.1093,28.49,6.5,50.0,79336.0,325277.0,4.1,90285.0,5072150,45649.35,50.0,41.0,-27.65,1
Warangal,Telangana,18.5324,79.0643,28.52,3.5,50.0,69625.0,285462.0,4.1,138283.0,4252858,38275.72,50.0,26.0,-20.16,1
Yadadri Bhuvanagiri,Telangana,18.5324,78.9443,28.49,4.5,50.0,19735.0,80913.0,4.1,96731.0,1887506,16987.55,44.0,56.0,-22.65,1
Dhalai,Tripura,24.3758,91.4932,28.49,6.5,50.0,75267.0,188167.0,2.5,56085.0,4285504,38569.54,50.0,38.0,-27.65,1
Gomati,Tripura,24.6458,91.8382,28.46,4.5,50.0,102509.0,256272.0,2.5,49301.0,4711617,42404.55,43.0,31.0,-22.63,1
Khowai,Tripura,23.4458,91.5232,28.47,7.5,50.0,70661.0,176652.0,2.5,33149.0,3329192,29962.73,47.0,59.0,-30.14,1
North Tripura,Tripura,24.0158,92.1682,28.48,1.5,50.0,87434.0,218585.0,2.5,39898.0,4404896,39644.06,44.0,32.0,-15.14,1
Sepahijala,Tripura,23.4908,91.8682,28.52,3.5,50.0,90655.0,226637.0,2.5,37050.0,4139934,37259.41,52.0,22.0,-20.16,1
South Tripura,Tripura,24.0608,92.2732,28.52,3.5,50.0,79453.0,198632.0,2.5,54895.0,1452763,13074.87,48.0,39.0,-20.16,1
Unakoti,Tripura,24.5408,92.3032,28.51,4.5,50.0,41970.0,104925.0,2.5,64598.0,4764127,42877.14,47.0,56.0,-22.65,1
West Tripura,Tripura,24.3158,91.9132,28.49,5.5,50.0,50382.0,125955.0,2.5,32834.0,2083713,18753.42,52.0,55.0,-25.15,1
Agra,Uttar Pradesh,27.2517,81.6512,28.49,5.5,50.0,59594.0,160903.0,2.7,164782.0,1994138,17947.24,47.0,32.0,-25.15,1
Aligarh,Uttar Pradesh,27.5067,80.2862,28.49,2.5,50.0,69680.0,188136.0,2.7,149616.0,2884402,25959.62,47.0,26.0,-17.65,1
Prayagraj,Uttar Pradesh,26.2167,81.5162,28.48,1.5,50.0,53649.0,144852.0,2.7,137290.0,4813443,43320.99,49.0,22.0,-15.14,1
Ambedkar Nagar,Uttar Pradesh,27.1767,80.7212,28.48,3.5,50.0,90844.0,245278.0,2.7,134725.0,5089122,45802.1,44.0,38.0,-20.14,1
Amethi,Uttar Pradesh,26.9367,81.3062,28.5,7.5,50.0,39938.0,107832.0,2.7,181662.0,2719886,24478.97,47.0,26.0,-30.15,1
Amroha,Uttar Pradesh,27.1767,81.5912,28.5,6.5,50.0,76722.0,207149.0,2.7,171136.0,1634989,14714.9,48.0,45.0,-27.65,1
Auraiya,Uttar Pradesh,27.3417,80.3012,28.52,6.5,50.0,58537.0,158049.0,2.7,183984.0,2787735,25089.62,44.0,44.0,-27.66,1
Azamgarh,Uttar Pradesh,26.8767,80.9612,28.5,7.5,50.0,27574.0,74449.0,2.7,103044.0,1938816,17449.34,47.0,56.0,-30.15,1
Baghpat,Uttar Pradesh,26.8317,81.3512,28.48,6.5,50.0,66538.0,179652.0,2.7,183750.0,1506894,13562.05,50.0,47.0,-27.64,1
Bahraich,Uttar Pradesh,26.2317,80.2262,28.51,4.5,50.0,24524.0,66214.0,2.7,119612.0,3794780,34153.02,45.0,30.0,-22.65,1
Ballia,Uttar Pradesh,27.2967,81.6362,28.48,2.5,50.0,75407.0,203598.0,2.7,136342.0,4152425,37371.82,45.0,57.0,-17.64,1
Balrampur,Uttar Pradesh,27.3717,81.1862,28.48,5.5,50.0,39879.0,107673.0,2.7,153554.0,5287149,47584.34,43.0,22.0,-25.14,1
Banda,Uttar Pradesh,27.1917,81.3362,28.5,2.5,50.0,38664.0,104392.0,2.7,128540.0,5201910,46817.19,53.0,41.0,-17.65,1
Barabanki,Uttar Pradesh,27.3717,81.2612,28.54,1.5,50.0,69659.0,188079.0,2.7,155410.0,2048722,18438.5,47.0,32.0,-15.17,1
Bareilly,Uttar Pradesh,27.1767,80.7962,28.5,1.5,50.0,18381.0,49628.0,2.7,128203.0,2495105,22455.94,53.0,44.0,-15.15,1
Basti,Uttar Pradesh,26.3217,80.7512,28.51,5.5,50.0,31964.0,86302.0,2.7,128908.0,5259389,47334.5,47.0,26.0,-25.15,1
Bhadohi,Uttar Pradesh,26.5617,80.8112,28.5,7.5,50.0,24793.0,66941.0,2.7,156078.0,4468275,40214.47,50.0,23.0,-30.15,1
Bijnor,Uttar Pradesh,26.8167,80.5262,28.49,3.5,50.0,92800.0,250560.0,2.7,159312.0,3261714,29355.43,48.0,21.0,-20.15,1
Budaun,Uttar Pradesh,27.1017,81.3362,28.49,2.5,50.0,16741.0,45200.0,2.7,148103.0,3379072,30411.65,53.0,20.0,-17.65,1
Bulandshahr,Uttar Pradesh,26.9967,80.5412,28.49,1.5,50.0,72266.0,195118.0,2.7,133043.0,2658797,23929.17,46.0,43.0,-15.15,1
Chandauli,Uttar Pradesh,26.7717,81.6512,28.51,1.5,50.0,33487.0,90414.0,2.7,89272.0,5267667,47409.0,49.0,52.0,-15.15,1
Chitrakoot,Uttar Pradesh,26.6817,81.5162,28.5,6.5,50.0,100344.0,270928.0,2.7,155148.0,3720970,33488.73,46.0,22.0,-27.65,1
Deoria,Uttar Pradesh,26.5467,81.3962,28.51,3.5,50.0,88422.0,238739.0,2.7,123805.0,4951970,44567.73,52.0,52.0,-20.15,1
Etah,Uttar Pradesh,27.0867,81.3212,28.49,5.5,50.0,66515.0,179590.0,2.7,150730.0,3110021,27990.19,48.0,21.0,-25.15,1
Etawah,Uttar Pradesh,27.3117,80.2712,28.51,6.5,50.0,42611.0,115049.0,2.7,111523.0,1502482,13522.34,47.0,17.0,-27.65,1
Ayodhya,Uttar Pradesh,27.5817,80.8712,28.5,5.5,50.0,89184.0,240796.0,2.7,158012.0,2616405,23547.65,49.0,22.0,-25.15,1
Farrukhabad,Uttar Pradesh,26.9367,81.4862,28.5,7.5,50.0,87601.0,236522.0,2.7,171801.0,1704785,15343.07,49.0,46.0,-30.15,1
Fatehpur,Uttar Pradesh,27.1917,80.4362,28.48,6.5,50.0,54950.0,148365.0,2.7,144392.0,3609184,32482.66,50.0,53.0,-27.64,1
Firozabad,Uttar Pradesh,27.5367,81.0962,28.49,6.5,50.0,79269.0,214026.0,2.7,165682.0,4705589,42350.3,42.0,27.0,-27.65,1
Gautam Buddha Nagar,Uttar Pradesh,26.4717,81.0962,28.5,6.5,50.0,47872.0,129254.0,2.7,134337.0,4491976,40427.78,47.0,26.0,-27.65,1
Ghaziabad,Uttar Pradesh,26.8917,81.1862,28.52,4.5,50.0,38084.0,102826.0,2.7,169361.0,3526320,31736.88,52.0,25.0,-22.66,1
Ghazipur,Uttar Pradesh,26.5467,80.3912,28.51,5.5,50.0,81247.0,219366.0,2.7,140025.0,4549700,40947.3,46.0,43.0,-25.15,1
Gonda,Uttar Pradesh,27.1917,80.6162,28.52,5.5,50.0,67749.0,182922.0,2.7,134972.0,2161530,19453.77,43.0,49.0,-25.16,1
Gorakhpur,Uttar Pradesh,26.4717,80.6462,28.5,0.5,50.0,89733.0,242279.0,2.7,157116.0,1432117,12889.05,50.0,47.0,-12.65,1
Hamirpur,Uttar Pradesh,26.9367,81.5762,28.53,3.5,50.0,86375.0,215937.0,2.5,42256.0,2736478,24628.3,52.0,31.0,-20.16,1
Hapur,Uttar Pradesh,26.6817,81.4712,28.5,2.5,50.0,47161.0,127334.0,2.7,153233.0,3993822,35944.4,49.0,40.0,-17.65,1
Hardoi,Uttar Pradesh,26.9217,81.3362,28.5,2.5,50.0,20043.0,54116.0,2.7,196493.0,2842542,25582.88,50.0,17.0,-17.65,1
Hathras,Uttar Pradesh,26.6067,80.8862,28.49,1.5,50.0,27890.0,75303.0,2.7,175588.0,4852426,43671.83,52.0,37.0,-15.15,1
Jalaun,Uttar Pradesh,26.2917,80.8562,28.46,1.5,50.0,28432.0,76766.0,2.7,129739.0,4821443,43392.99,52.0,16.0,-15.13,1
Jaunpur,Uttar Pradesh,26.8017,81.2012,28.5,5.5,50.0,31315.0,84550.0,2.7,118745.0,4850289,43652.6,48.0,51.0,-25.15,1
Jhansi,Uttar Pradesh,27.4017,80.4812,28.48,4.5,50.0,33409.0,90204.0,2.7,107258.0,2275131,20476.18,42.0,24.0,-22.64,1
Kannauj,Uttar Pradesh,27.5667,81.1112,28.5,7.5,50.0,87360.0,235872.0,2.7,131055.0,2674317,24068.85,47.0,56.0,-30.15,1
Kanpur Dehat,Uttar Pradesh,26.7267,80.3012,28.51,5.5,50.0,54551.0,147287.0,2.7,136177.0,3206986,28862.87,44.0,23.0,-25.15,1
Kanpur Nagar,Uttar Pradesh,26.2917,81.1562,28.5,1.5,50.0,28621.0,77276.0,2.7,106388.0,4579911,41219.2,53.0,59.0,-15.15,1
Kasganj,Uttar Pradesh,27.3117,81.0812,28.49,4.5,50.0,27710.0,74817.0,2.7,188885.0,5293330,47639.97,52.0,22.0,-22.65,1
Kaushambi,Uttar Pradesh,26.3367,80.4812,28.5,4.5,50.0,51783.0,139814.0,2.7,154466.0,1476145,13285.31,46.0,49.0,-22.65,1
Kheri,Uttar Pradesh,26.8917,81.5162,28.51,5.5,50.0,44659.0,120579.0,2.7,114697.0,2954048,26586.43,46.0,43.0,-25.15,1
Kushinagar,Uttar Pradesh,26.9817,80.2262,28.52,3.5,50.0,54210.0,146367.0,2.7,124657.0,4782497,43042.47,50.0,44.0,-20.16,1
Lalitpur,Uttar Pradesh,26.7867,81.5762,28.5,1.5,50.0,80106.0,216286.0,2.7,151365.0,1899659,17096.93,53.0,56.0,-15.15,1
Lucknow,Uttar Pradesh,26.8467,80.9462,28.5,4.5,50.0,19309.0,52134.0,2.7,117474.0,3200577,28805.19,48.0,15.0,-22.65,1
Maharajganj,Uttar Pradesh,26.6067,80.6162,28.49,7.5,50.0,78296.0,211399.0,2.7,148281.0,2129784,19168.06,46.0,31.0,-30.15,1
Mahoba,Uttar Pradesh,26.1267,80.9762,28.51,4.5,50.0,17759.0,47949.0,2.7,115387.0,2193779,19744.01,50.0,38.0,-22.65,1
Mainpuri,Uttar Pradesh,26.8317,80.2712,28.5,2.5,50.0,59530.0,160731.0,2.7,131376.0,4602945,41426.5,46.0,55.0,-17.65,1
Mathura,Uttar Pradesh,26.8617,81.1712,28.51,1.5,50.0,16090.0,43443.0,2.7,180962.0,2755501,24799.51,46.0,28.0,-15.15,1
Mau,Uttar Pradesh,26.2617,81.3962,28.5,0.5,50.0,55943.0,151046.0,2.7,167085.0,3689221,33202.99,43.0,37.0,-12.65,1
Meerut,Uttar Pradesh,27.1917,80.2262,28.49,6.5,50.0,49365.0,133285.0,2.7,161245.0,2694460,24250.14,43.0,37.0,-27.65,1
Mirzapur,Uttar Pradesh,26.4867,80.8562,28.49,5.5,50.0,17837.0,48159.0,2.7,108567.0,4384848,39463.63,52.0,25.0,-25.15,1
Moradabad,Uttar Pradesh,26.6817,80.6312,28.51,5.5,50.0,84366.0,227788.0,2.7,137274.0,2891373,26022.36,53.0,32.0,-25.15,1
Muzaffarnagar,Uttar Pradesh,27.3417,80.9912,28.49,1.5,50.0,17006.0,45916.0,2.7,168423.0,2913656,26222.9,44.0,32.0,-15.15,1
Pilibhit,Uttar Pradesh,26.3067,81.3062,28.54,4.5,50.0,75465.0,203755.0,2.7,163642.0,1864408,16779.67,50.0,23.0,-22.67,1
Pratapgarh,Uttar Pradesh,26.6217,81.2912,28.5,4.5,50.0,67117.0,181215.0,2.7,41590.0,5041408,45372.67,52.0,49.0,-22.65,1
Raebareli,Uttar Pradesh,27.3567,81.2012,28.46,5.5,50.0,98808.0,266781.0,2.7,141091.0,2753145,24778.31,47.0,32.0,-25.13,1
Rampur,Uttar Pradesh,27.2067,81.3512,28.47,4.5,50.0,66158.0,178626.0,2.7,152726.0,1948413,17535.72,48.0,33.0,-22.64,1
Saharanpur,Uttar Pradesh,27.5067,80.4362,28.49,0.5,50.0,52805.0,142573.0,2.7,141029.0,3177870,28600.83,45.0,24.0,-12.65,0
Sambhal,Uttar Pradesh,26.5767,81.2012,28.51,0.5,50.0,70918.0,191478.0,2.7,98551.0,4028902,36260.12,52.0,46.0,-12.65,1
Sant Kabir Nagar,Uttar Pradesh,26.9067,80.8262,28.51,5.5,50.0,81352.0,219650.0,2.7,155276.0,3309452,29785.07,45.0,36.0,-25.15,1
Shahjahanpur,Uttar Pradesh,26.2917,80.2262,28.5,2.5,50.0,62895.0,169816.0,2.7,122998.0,2633004,23697.04,44.0,38.0,-17.65,1
Shamli,Uttar Pradesh,27.2067,80.6912,28.48,6.5,50.0,25937.0,70029.0,2.7,163003.0,3609061,32481.55,45.0,54.0,-27.64,1
Shravasti,Uttar Pradesh,27.5817,81.2762,28.49,3.5,50.0,79192.0,213818.0,2.7,174774.0,1494298,13448.68,44.0,29.0,-20.15,1
Siddharthnagar,Uttar Pradesh,26.1567,80.4362,28.5,0.5,50.0,30621.0,82676.0,2.7,172048.0,2159990,19439.91,48.0,27.0,-12.65,1
Sitapur,Uttar Pradesh,26.4567,80.4062,28.5,6.5,50.0,91208.0,246261.0,2.7,164681.0,5116378,46047.4,52.0,46.0,-27.65,1
Sonbhadra,Uttar Pradesh,26.7567,80.9762,28.51,1.5,50.0,80226.0,216610.0,2.7,169834.0,3207159,28864.43,45.0,21.0,-15.15,1
Sultanpur,Uttar Pradesh,26.5467,81.6212,28.51,1.5,50.0,43389.0,117150.0,2.7,159395.0,3091020,27819.18,46.0,19.0,-15.15,1
Unnao,Uttar Pradesh,27.3717,81.5462,28.51,2.5,50.0,79536.0,214747.0,2.7,143871.0,3835840,34522.56,48.0,24.0,-17.65,1
Varanasi,Uttar Pradesh,26.1717,80.8112,28.51,2.5,50.0,25394.0,68563.0,2.7,130747.0,2456160,22105.44,52.0,43.0,-17.65,1
Almora,Uttarakhand,29.3918,79.1543,28.51,7.5,50.0,26926.0,67315.0,2.5,57249.0,3817706,34359.35,51.0,21.0,-30.15,1
Bageshwar,Uttarakhand,30.7718,79.3343,28.53,6.5,50.0,18982.0,47455.0,2.5,36784.0,2742465,24682.19,49.0,19.0,-27.66,1
Chamoli,Uttarakhand,30.5018,78.4643,28.49,4.5,50.0,75520.0,188800.0,2.5,50454.0,3508710,31578.39,48.0,42.0,-22.65,1
Champawat,Uttarakhand,30.6518,79.7093,28.48,5.5,50.0,49685.0,124212.0,2.5,46798.0,1605638,14450.74,53.0,23.0,-25.14,1
Dehradun,Uttarakhand,29.4818,79.3943,28.51,2.5,50.0,78389.0,195972.0,2.5,41539.0,4051884,36466.96,44.0,32.0,-17.65,1
Haridwar,Uttarakhand,29.6468,79.6943,28.5,6.5,50.0,86763.0,216907.0,2.5,45270.0,4938710,44448.39,45.0,30.0,-27.65,1
Nainital,Uttarakhand,29.4218,78.6893,28.49,6.5,50.0,62123.0,155307.0,2.5,51645.0,2006259,18056.33,43.0,58.0,-27.65,1
Pauri Garhwal,Uttarakhand,29.4368,79.2443,28.49,0.5,50.0,48109.0,120272.0,2.5,59721.0,4566611,41099.5,46.0,16.0,-12.65,0
Pithoragarh,Uttarakhand,29.6468,78.6743,28.51,2.5,50.0,46536.0,116340.0,2.5,44068.0,2511570,22604.13,45.0,51.0,-17.65,1
Rudraprayag,Uttarakhand,30.7718,79.4093,28.49,7.5,50.0,51431.0,128577.0,2.5,42644.0,4912343,44211.09,45.0,15.0,-30.15,1
Tehri Garhwal,Uttarakhand,30.4268,79.7393,28.5,6.5,50.0,39543.0,98857.0,2.5,42530.0,1794151,16147.36,44.0,38.0,-27.65,1
Udham Singh Nagar,Uttarakhand,29.6918,78.9593,28.5,6.5,50.0,24066.0,60165.0,2.5,60536.0,2280782,20527.04,45.0,54.0,-27.65,1
Uttarkashi,Uttarakhand,29.3468,78.3443,28.5,2.5,50.0,81593.0,203982.0,2.5,50626.0,3797461,34177.15,48.0,24.0,-17.65,1
Alipurduar,West Bengal,23.4818,88.02,28.49,0.5,50.0,81345.0,317245.0,3.9,106354.0,1892152,17029.37,51.0,24.0,-12.65,1
Bankura,West Bengal,22.5818,87.495,28.49,7.5,50.0,54979.0,214418.0,3.9,102208.0,4445020,40005.18,44.0,20.0,-30.15,1
Birbhum,West Bengal,23.4218,88.125,28.52,0.5,50.0,53592.0,209008.0,3.9,107980.0,3488036,31392.32,45.0,15.0,-12.66,0
Cooch Behar,West Bengal,23.6018,87.705,28.48,2.5,50.0,64604.0,251955.0,3.9,142383.0,1597142,14374.28,49.0,43.0,-17.64,1
Dakshin Dinajpur,West Bengal,22.8668,88.26,28.5,5.5,50.0,31693.0,123602.0,3.9,95771.0,4927026,44343.23,44.0,41.0,-25.15,1
Darjeeling,West Bengal,23.0618,87.66,28.49,1.5,50.0,91046.0,355079.0,3.9,115974.0,2581682,23235.14,46.0,22.0,-15.15,1
Hooghly,West Bengal,22.8218,88.515,28.47,6.5,50.0,62254.0,242790.0,3.9,94860.0,2390848,21517.63,47.0,32.0,-27.64,1
Howrah,West Bengal,22.6718,87.75,28.49,5.5,50.0,56593.0,220712.0,3.9,101156.0,4362060,39258.54,53.0,47.0,-25.15,1
Jalpaiguri,West Bengal,23.2718,87.15,28.49,1.5,50.0,61611.0,240282.0,3.9,87896.0,1902672,17124.05,51.0,30.0,-15.15,1
Jhargram,West Bengal,22.7018,87.195,28.5,1.5,50.0,25572.0,99730.0,3.9,68800.0,4926886,44341.97,44.0,32.0,-15.15,1
Kalimpong,West Bengal,23.0018,87.42,28.52,0.5,50.0,37381.0,145785.0,3.9,123873.0,2951859,26566.73,43.0,55.0,-12.66,1
Kolkata,West Bengal,22.5726,88.3639,28.55,5.5,50.0,81559.0,318080.0,3.9,92110.0,2099927,18899.34,45.0,24.0,-25.17,1
Malda,West Bengal,22.9568,87.585,28.51,3.5,50.0,88258.0,344206.0,3.9,79586.0,2628589,23657.3,50.0,50.0,-20.15,1
Murshidabad,West Bengal,22.7018,87.375,28.48,1.5,50.0,25561.0,99687.0,3.9,148580.0,4644346,41799.11,52.0,22.0,-15.14,1
Nadia,West Bengal,22.7018,87.285,28.49,7.5,50.0,64398.0,251152.0,3.9,113881.0,2521121,22690.09,45.0,27.0,-30.15,1
North 24 Parganas,West Bengal,23.0318,88.44,28.51,1.5,50.0,52818.0,205990.0,3.9,93713.0,2154721,19392.49,48.0,51.0,-15.15,1
Paschim Bardhaman,West Bengal,23.0618,88.44,28.49,2.5,50.0,40099.0,156386.0,3.9,114232.0,2294201,20647.81,53.0,32.0,-17.65,1
Paschim Medinipur,West Bengal,23.5868,87.93,28.51,0.5,50.0,64172.0,250270.0,3.9,91074.0,4846518,43618.66,53.0,44.0,-12.65,1
Purba Bardhaman,West Bengal,23.2324,87.8615,28.49,5.5,50.0,49257.0,192102.0,3.9,119527.0,3532302,31790.72,45.0,39.0,-25.15,1
Purba Medinipur,West Bengal,22.5668,87.75,28.5,2.5,50.0,98657.0,384762.0,3.9,94313.0,4397456,39577.1,45.0,54.0,-17.65,1
Purulia,West Bengal,22.6118,88.41,28.5,5.5,50.0,26810.0,104559.0,3.9,124616.0,4383170,39448.53,43.0,46.0,-25.15,1
South 24 Parganas,West Bengal,23.0318,87.42,28.52,5.5,50.0,58028.0,226309.0,3.9,101132.0,4589482,41305.34,51.0,33.0,-25.16,1
Uttar Dinajpur,West Bengal,22.5518,88.38,28.49,6.5,50.0,63063.0,245945.0,3.9,110270.0,4680443,42123.99,46.0,46.0,-27.65,1
Nicobar,Andaman and Nicobar Islands,12.3551,93.3936,28.5,2.5,50.0,23837.0,59592.0,2.5,34378.0,4351515,39163.64,47.0,59.0,-17.65,1
North and Middle Andaman,Andaman and Nicobar Islands,11.1701,92.5686,28.5,2.5,50.0,71534.0,178835.0,2.5,50368.0,1980811,17827.3,48.0,45.0,-17.65,1
South Andaman,Andaman and Nicobar Islands,12.3401,92.1786,28.5,2.5,50.0,28876.0,72190.0,2.5,55667.0,2726135,24535.22,45.0,57.0,-17.65,1
Chandigarh,Chandigarh,31.0933,76.4944,28.49,4.5,50.0,19969.0,49922.0,2.5,58957.0,2703327,24329.94,44.0,41.0,-22.65,1
Dadra and Nagar Haveli,Dadra and Nagar Haveli and Daman and Diu,19.9774,73.2678,28.51,2.5,50.0,46656.0,116640.0,2.5,33371.0,5279401,47514.61,51.0,21.0,-17.65,1
Daman,Dadra and Nagar Haveli and Daman and Diu,20.9974,72.2778,28.51,3.5,50.0,47579.0,118947.0,2.5,44717.0,3304764,29742.88,45.0,36.0,-20.15,1
Diu,Dadra and Nagar Haveli and Daman and Diu,19.6624,72.3378,28.5,3.5,50.0,94048.0,235120.0,2.5,52217.0,4624834,41623.51,52.0,16.0,-20.15,1
Central Delhi,Delhi,28.8991,77.8225,28.48,6.5,50.0,92920.0,232300.0,2.5,55932.0,4109391,36984.52,50.0,41.0,-27.64,1
East Delhi,Delhi,28.2241,77.5525,28.48,0.5,50.0,87531.0,218827.0,2.5,61885.0,4920599,44285.39,48.0,27.0,-12.64,1
New Delhi,Delhi,28.2391,77.0575,28.48,3.5,50.0,82031.0,205077.0,2.5,45300.0,2097168,18874.51,53.0,56.0,-20.14,1
North Delhi,Delhi,29.3641,77.2525,28.5,4.5,50.0,68157.0,170392.0,2.5,32167.0,1855859,16702.73,51.0,36.0,-22.65,1
North East Delhi,Delhi,29.3641,77.5525,28.49,0.5,50.0,78849.0,197122.0,2.5,60753.0,1716284,15446.56,49.0,40.0,-12.65,1
North West Delhi,Delhi,29.2591,77.4775,28.5,2.5,50.0,42054.0,105135.0,2.5,49476.0,5098331,45884.98,44.0,50.0,-17.65,1
Shahdara,Delhi,28.5991,76.6075,28.54,3.5,50.0,58203.0,145507.0,2.5,35072.0,4892590,44033.31,52.0,46.0,-20.17,1
South Delhi,Delhi,28.8991,76.8325,28.49,3.5,50.0,31470.0,78675.0,2.5,38535.0,1594570,14351.13,50.0,20.0,-20.15,1
South East Delhi,Delhi,29.0491,77.5075,28.49,2.5,50.0,35905.0,89762.0,2.5,49255.0,2024202,18217.82,43.0,52.0,-17.65,1
South West Delhi,Delhi,28.6741,77.1925,28.5,4.5,50.0,16620.0,41550.0,2.5,36390.0,4883096,43947.86,42.0,15.0,-22.65,1
West Delhi,Delhi,29.0941,76.7725,28.51,1.5,50.0,66582.0,166455.0,2.5,38056.0,2912334,26211.01,43.0,19.0,-15.15,1
Anantnag,Jammu and Kashmir,33.2982,76.6062,28.51,2.5,50.0,50995.0,127487.0,2.5,63106.0,3933665,35402.99,42.0,18.0,-17.65,1
Bandipora,Jammu and Kashmir,33.9132,76.5012,28.51,5.5,50.0,89169.0,222922.0,2.5,52296.0,2014423,18129.81,49.0,19.0,-25.15,1
Baramulla,Jammu and Kashmir,34.3932,76.4412,28.47,0.5,50.0,26091.0,65227.0,2.5,42279.0,3636167,32725.5,48.0,24.0,-12.64,1
Budgam,Jammu and Kashmir,34.4532,77.1612,28.53,0.5,50.0,86757.0,216892.0,2.5,49012.0,2694407,24249.66,44.0,20.0,-12.66,0
Doda,Jammu and Kashmir,33.8082,77.0562,28.48,2.5,50.0,22517.0,56292.0,2.5,39076.0,4079347,36714.12,48.0,54.0,-17.64,1
Ganderbal,Jammu and Kashmir,34.4532,76.1262,28.49,3.5,50.0,61876.0,154690.0,2.5,62527.0,4664324,41978.92,53.0,26.0,-20.15,1
Jammu,Jammu and Kashmir,34.4982,77.0862,28.49,7.5,50.0,52347.0,130867.0,2.5,55726.0,4645099,41805.89,52.0,55.0,-30.15,1
Kathua,Jammu and Kashmir,33.2082,76.6362,28.5,4.5,50.0,86174.0,215435.0,2.5,40965.0,1607451,14467.06,42.0,27.0,-22.65,1
Kishtwar,Jammu and Kashmir,33.2532,75.9762,28.5,1.5,50.0,48490.0,121225.0,2.5,39979.0,2421261,21791.35,53.0,47.0,-15.15,1
Kulgam,Jammu and Kashmir,34.0932,76.2762,28.5,2.5,50.0,50428.0,126070.0,2.5,41123.0,4425454,39829.09,48.0,36.0,-17.65,1
Kupwara,Jammu and Kashmir,33.7032,76.6812,28.5,4.5,50.0,39936.0,99840.0,2.5,37721.0,2015758,18141.82,49.0,58.0,-22.65,1
Poonch,Jammu and Kashmir,33.2532,76.8312,28.51,1.5,50.0,54482.0,136205.0,2.5,35594.0,4704986,42344.87,47.0,32.0,-15.15,1
Pulwama,Jammu and Kashmir,33.8082,77.1762,28.5,3.5,50.0,27123.0,67807.0,2.5,51934.0,5225354,47028.19,51.0,57.0,-20.15,1
Rajouri,Jammu and Kashmir,33.7182,77.2512,28.51,4.5,50.0,60762.0,151905.0,2.5,55689.0,4614591,41531.32,46.0,46.0,-22.65,1
Ramban,Jammu and Kashmir,33.8082,76.0812,28.5,4.5,50.0,21843.0,54607.0,2.5,46252.0,3504081,31536.73,44.0,29.0,-22.65,1
Reasi,Jammu and Kashmir,34.1682,76.6962,28.51,0.5,50.0,43303.0,108257.0,2.5,48351.0,4730001,42570.01,46.0,16.0,-12.65,0
Samba,Jammu and Kashmir,33.9882,77.2062,28.52,7.5,50.0,98134.0,245335.0,2.5,53363.0,4612838,41515.54,42.0,30.0,-30.16,1
Shopian,Jammu and Kashmir,33.1182,77.0712,28.48,6.5,50.0,95845.0,239612.0,2.5,42964.0,3933759,35403.83,42.0,27.0,-27.64,1
Srinagar,Jammu and Kashmir,33.8982,76.7112,28.5,1.5,50.0,102528.0,256320.0,2.5,35250.0,1355114,12196.03,49.0,40.0,-15.15,1
Udhampur,Jammu and Kashmir,33.5832,76.3212,28.52,7.5,50.0,36763.0,91907.0,2.5,43632.0,3045839,27412.55,46.0,28.0,-30.16,1
Kargil,Ladakh,34.1526,77.7121,28.51,6.5,50.0,92508.0,231270.0,2.5,48541.0,2650940,23858.46,45.0,45.0,-27.65,1
Leh,Ladakh,34.3626,78.2071,28.5,3.5,50.0,75244.0,188110.0,2.5,59087.0,2444494,22000.45,51.0,45.0,-20.15,1
Lakshadweep,Lakshadweep,10.6117,72.5967,28.51,6.5,50.0,32864.0,82160.0,2.5,68352.0,2756923,24812.31,48.0,15.0,-27.65,1
Karaikal,Puducherry,12.3316,80.4533,28.49,0.5,50.0,40766.0,101915.0,2.5,47458.0,4647184,41824.66,46.0,40.0,-12.65,1
Mahe,Puducherry,11.5966,79.2683,28.49,6.5,50.0,15896.0,39740.0,2.5,68749.0,2607700,23469.3,44.0,47.0,-27.65,1
Puducherry,Puducherry,12.6166,80.4833,28.49,6.5,50.0,86902.0,217255.0,2.5,49116.0,2305317,20747.85,42.0,27.0,-27.65,1
Yanam,Puducherry,12.4816,80.4983,28.52,1.5,50.0,36001.0,90002.0,2.5,42624.0,4453931,40085.38,52.0,28.0,-15.16,1
