state_ut,district,agro_climatic_zone,district_latitude,district_longitude,crop,crop_category,season,year,cultivated_area_ha,production_tonnes,yield_kg_per_ha,yield_tonnes_per_ha,irrigation_percentage,irrigation_source,soil_type,major_river_basin,groundwater_status,tnwc_warehouse_capacity_mt,tncsc_paddy_godown_capacity_mt,direct_procurement_centers_count,tnsamb_cold_storage_capacity_mt,total_district_storage_capacity_mt,primary_mandi_market,modal_mandi_price_rs_qtl,data_category,source_name,source_url,confidence
Tamil Nadu,Thanjavur,Cauvery Delta,10.787,79.1378,Paddy/Rice,Cereal,Kharif (Kuruvai / Samba),2023,38850,149999,3861,3.86,91%,Cauvery Canal / Tanks,Deltaic Clayey Alluvium,Cauvery / Vennar,Semi-Critical,36229,51229,189,479,87937,Thanjavur Regulated Market Yard (TNSAMB),2203,OBSERVED_DATA,"DES Tamil Nadu, TNWC & TNCSC Official Data",https://www.tn.gov.in/deptst/agriculture.htm,High
Tamil Nadu,Thanjavur,Cauvery Delta,10.787,79.1378,Blackgram/Urad,Pulse,Rabi (Rice Fallow),2023,27720,21954,792,0.79,91%,Rice Fallow Moisture,Deltaic Clayey Alluvium,Cauvery / Vennar,Semi-Critical,36229,51229,189,479,87937,Thanjavur Regulated Market Yard (TNSAMB),3200,OBSERVED_DATA,"DES Tamil Nadu, TNWC & TNCSC Official Data",https://www.tn.gov.in/deptst/agriculture.htm,High
Tamil Nadu,Thanjavur,Cauvery Delta,10.787,79.1378,Greengram/Moong,Pulse,Rabi (Rice Fallow),2023,10440,7746,742,0.74,91%,Rice Fallow Moisture,Deltaic Clayey Alluvium,Cauvery / Vennar,Semi-Critical,36229,51229,189,479,87937,Thanjavur Regulated Market Yard (TNSAMB),3200,OBSERVED_DATA,"DES Tamil Nadu, TNWC & TNCSC Official Data",https://www.tn.gov.in/deptst/agriculture.htm,High
Tamil Nadu,Thanjavur,Cauvery Delta,10.787,79.1378,Coconut,Oilseed/Fruit,Annual,2023,22099,214404,9702,9.7,91%,Groundwater / Rainfed,Deltaic Clayey Alluvium,Cauvery / Vennar,Semi-Critical,36229,51229,189,479,87937,Thanjavur Regulated Market Yard (TNSAMB),3200,OBSERVED_DATA,"DES Tamil Nadu, TNWC & TNCSC Official Data",https://www.tn.gov.in/deptst/agriculture.htm,High
Tamil Nadu,Tiruvarur,Cauvery Delta,10.7707,79.6365,Paddy/Rice,Cereal,Kharif (Kuruvai / Samba),2023,155400,593938,3822,3.82,94%,Cauvery Canal / Tanks,Heavy Clayey Alluvium,Vennar / Grand Anicut Canal,Safe,64088,64088,148,338,128514,Tiruvarur Regulated Market Yard (TNSAMB),2203,OBSERVED_DATA,"DES Tamil Nadu, TNWC & TNCSC Official Data",https://www.tn.gov.in/deptst/agriculture.htm,High
Tamil Nadu,Tiruvarur,Cauvery Delta,10.7707,79.6365,Blackgram/Urad,Pulse,Rabi (Rice Fallow),2023,11760,9219,784,0.78,94%,Rice Fallow Moisture,Heavy Clayey Alluvium,Vennar / Grand Anicut Canal,Safe,64088,64088,148,338,128514,Tiruvarur Regulated Market Yard (TNSAMB),3200,OBSERVED_DATA,"DES Tamil Nadu, TNWC & TNCSC Official Data",https://www.tn.gov.in/deptst/agriculture.htm,High
Tamil Nadu,Tiruvarur,Cauvery Delta,10.7707,79.6365,Greengram/Moong,Pulse,Rabi (Rice Fallow),2023,3240,2381,735,0.73,94%,Rice Fallow Moisture,Heavy Clayey Alluvium,Vennar / Grand Anicut Canal,Safe,64088,64088,148,338,128514,Tiruvarur Regulated Market Yard (TNSAMB),3200,OBSERVED_DATA,"DES Tamil Nadu, TNWC & TNCSC Official Data",https://www.tn.gov.in/deptst/agriculture.htm,High
Tamil Nadu,Tiruvarur,Cauvery Delta,10.7707,79.6365,Coconut,Oilseed/Fruit,Annual,2023,39000,374556,9604,9.6,94%,Groundwater / Rainfed,Heavy Clayey Alluvium,Vennar / Grand Anicut Canal,Safe,64088,64088,148,338,128514,Tiruvarur Regulated Market Yard (TNSAMB),3200,OBSERVED_DATA,"DES Tamil Nadu, TNWC & TNCSC Official Data",https://www.tn.gov.in/deptst/agriculture.htm,High
Tamil Nadu,Nagapattinam,Cauvery Delta,10.7672,79.8449,Paddy/Rice,Cereal,Kharif (Kuruvai / Samba),2023,105449,431813,4095,4.09,89%,Cauvery Canal / Tanks,Coastal Alluvium & Heavy Clay,Cauvery / Harichandra,Saline Coastal,69435,69435,275,685,139555,Nagapattinam Regulated Market Yard (TNSAMB),2203,OBSERVED_DATA,"DES Tamil Nadu, TNWC & TNCSC Official Data",https://www.tn.gov.in/deptst/agriculture.htm,High
Tamil Nadu,Nagapattinam,Cauvery Delta,10.7672,79.8449,Blackgram/Urad,Pulse,Rabi (Rice Fallow),2023,20160,16934,840,0.84,89%,Rice Fallow Moisture,Coastal Alluvium & Heavy Clay,Cauvery / Harichandra,Saline Coastal,69435,69435,275,685,139555,Nagapattinam Regulated Market Yard (TNSAMB),3200,OBSERVED_DATA,"DES Tamil Nadu, TNWC & TNCSC Official Data",https://www.tn.gov.in/deptst/agriculture.htm,High
Tamil Nadu,Nagapattinam,Cauvery Delta,10.7672,79.8449,Greengram/Moong,Pulse,Rabi (Rice Fallow),2023,6119,4815,787,0.79,89%,Rice Fallow Moisture,Coastal Alluvium & Heavy Clay,Cauvery / Harichandra,Saline Coastal,69435,69435,275,685,139555,Nagapattinam Regulated Market Yard (TNSAMB),3200,OBSERVED_DATA,"DES Tamil Nadu, TNWC & TNCSC Official Data",https://www.tn.gov.in/deptst/agriculture.htm,High
Tamil Nadu,Nagapattinam,Cauvery Delta,10.7672,79.8449,Coconut,Oilseed/Fruit,Annual,2023,53300,548457,10290,10.29,89%,Groundwater / Rainfed,Coastal Alluvium & Heavy Clay,Cauvery / Harichandra,Saline Coastal,69435,69435,275,685,139555,Nagapattinam Regulated Market Yard (TNSAMB),3200,OBSERVED_DATA,"DES Tamil Nadu, TNWC & TNCSC Official Data",https://www.tn.gov.in/deptst/agriculture.htm,High
Tamil Nadu,Mayiladuthurai,Cauvery Delta,11.1018,79.6521,Paddy/Rice,Cereal,Kharif (Kuruvai / Samba),2023,98050,359451,3666,3.67,92%,Cauvery Canal / Tanks,Clayey Loam Alluvium,Cauvery / Kollidam,Safe,29044,49044,204,294,78382,Mayiladuthurai Regulated Market Yard (TNSAMB),2203,OBSERVED_DATA,"DES Tamil Nadu, TNWC & TNCSC Official Data",https://www.tn.gov.in/deptst/agriculture.htm,High
Tamil Nadu,Mayiladuthurai,Cauvery Delta,11.1018,79.6521,Blackgram/Urad,Pulse,Rabi (Rice Fallow),2023,17080,12844,752,0.75,92%,Rice Fallow Moisture,Clayey Loam Alluvium,Cauvery / Kollidam,Safe,29044,49044,204,294,78382,Mayiladuthurai Regulated Market Yard (TNSAMB),3200,OBSERVED_DATA,"DES Tamil Nadu, TNWC & TNCSC Official Data",https://www.tn.gov.in/deptst/agriculture.htm,High
Tamil Nadu,Mayiladuthurai,Cauvery Delta,11.1018,79.6521,Greengram/Moong,Pulse,Rabi (Rice Fallow),2023,7919,5582,705,0.7,92%,Rice Fallow Moisture,Clayey Loam Alluvium,Cauvery / Kollidam,Safe,29044,49044,204,294,78382,Mayiladuthurai Regulated Market Yard (TNSAMB),3200,OBSERVED_DATA,"DES Tamil Nadu, TNWC & TNCSC Official Data",https://www.tn.gov.in/deptst/agriculture.htm,High
Tamil Nadu,Mayiladuthurai,Cauvery Delta,11.1018,79.6521,Coconut,Oilseed/Fruit,Annual,2023,20800,191609,9212,9.21,92%,Groundwater / Rainfed,Clayey Loam Alluvium,Cauvery / Kollidam,Safe,29044,49044,204,294,78382,Mayiladuthurai Regulated Market Yard (TNSAMB),3200,OBSERVED_DATA,"DES Tamil Nadu, TNWC & TNCSC Official Data",https://www.tn.gov.in/deptst/agriculture.htm,High
Tamil Nadu,Tiruchirappalli,Central TN,10.7905,78.7047,Banana,Fruit,Annual,2023,4255,160839,37800,37.8,82%,Canal / Drip,Red Sandy & Alluvial Loam,Cauvery / Akdiyar,Safe,61060,36060,70,4860,101980,Tiruchirappalli Regulated Market Yard (TNSAMB),3200,OBSERVED_DATA,"DES Tamil Nadu, TNWC & TNCSC Official Data",https://www.tn.gov.in/deptst/agriculture.htm,High
Tamil Nadu,Tiruchirappalli,Central TN,10.7905,78.7047,Paddy/Rice,Cereal,Kharif (Kuruvai / Samba),2023,170200,597402,3510,3.51,82%,Cauvery Canal / Tanks,Red Sandy & Alluvial Loam,Cauvery / Akdiyar,Safe,61060,36060,70,4860,101980,Tiruchirappalli Regulated Market Yard (TNSAMB),2203,OBSERVED_DATA,"DES Tamil Nadu, TNWC & TNCSC Official Data",https://www.tn.gov.in/deptst/agriculture.htm,High
Tamil Nadu,Tiruchirappalli,Central TN,10.7905,78.7047,Spices / Chillies,Spice,Kharif,2023,3610,6498,1800,1.8,82%,Groundwater / Rainfed,Red Sandy & Alluvial Loam,Cauvery / Akdiyar,Safe,61060,36060,70,4860,101980,Tiruchirappalli Regulated Market Yard (TNSAMB),3200,OBSERVED_DATA,"DES Tamil Nadu, TNWC & TNCSC Official Data",https://www.tn.gov.in/deptst/agriculture.htm,High
Tamil Nadu,Tiruchirappalli,Central TN,10.7905,78.7047,Groundnut,Oilseed,Kharif / Rabi,2023,30800,60984,1980,1.98,82%,Rainfed / GW,Red Sandy & Alluvial Loam,Cauvery / Akdiyar,Safe,61060,36060,70,4860,101980,Tiruchirappalli Regulated Market Yard (TNSAMB),3200,OBSERVED_DATA,"DES Tamil Nadu, TNWC & TNCSC Official Data",https://www.tn.gov.in/deptst/agriculture.htm,High
Tamil Nadu,Cuddalore,Northern Coastal,11.748,79.7714,Paddy/Rice,Cereal,Kharif (Kuruvai / Samba),2023,81399,304757,3744,3.74,85%,Cauvery Canal / Tanks,Alluvial & Red Loam,Gadilam / Pennaiyar,Over-Exploited,12826,29826,56,526,43178,Cuddalore Regulated Market Yard (TNSAMB),2203,OBSERVED_DATA,"DES Tamil Nadu, TNWC & TNCSC Official Data",https://www.tn.gov.in/deptst/agriculture.htm,High
Tamil Nadu,Cuddalore,Northern Coastal,11.748,79.7714,Coconut,Oilseed/Fruit,Annual,2023,51350,483100,9408,9.41,85%,Groundwater / Rainfed,Alluvial & Red Loam,Gadilam / Pennaiyar,Over-Exploited,12826,29826,56,526,43178,Cuddalore Regulated Market Yard (TNSAMB),3200,OBSERVED_DATA,"DES Tamil Nadu, TNWC & TNCSC Official Data",https://www.tn.gov.in/deptst/agriculture.htm,High
Tamil Nadu,Cuddalore,Northern Coastal,11.748,79.7714,Groundnut,Oilseed,Kharif / Rabi,2023,6300,13305,2112,2.11,85%,Rainfed / GW,Alluvial & Red Loam,Gadilam / Pennaiyar,Over-Exploited,12826,29826,56,526,43178,Cuddalore Regulated Market Yard (TNSAMB),3200,OBSERVED_DATA,"DES Tamil Nadu, TNWC & TNCSC Official Data",https://www.tn.gov.in/deptst/agriculture.htm,High
Tamil Nadu,Cuddalore,Northern Coastal,11.748,79.7714,Small Millets/Ragi,Cereal,Kharif,2023,11850,18201,1536,1.54,85%,Rainfed,Alluvial & Red Loam,Gadilam / Pennaiyar,Over-Exploited,12826,29826,56,526,43178,Cuddalore Regulated Market Yard (TNSAMB),3200,OBSERVED_DATA,"DES Tamil Nadu, TNWC & TNCSC Official Data",https://www.tn.gov.in/deptst/agriculture.htm,High
Tamil Nadu,Viluppuram,Northern TN,11.9401,79.4861,Paddy/Rice,Cereal,Kharif (Kuruvai / Samba),2023,157250,613275,3900,3.9,78%,Cauvery Canal / Tanks,Red Sandy & Clay Loam,Pennaiyar,Critical,20390,22390,40,1090,43870,Viluppuram Regulated Market Yard (TNSAMB),2203,OBSERVED_DATA,"DES Tamil Nadu, TNWC & TNCSC Official Data",https://www.tn.gov.in/deptst/agriculture.htm,High
Tamil Nadu,Viluppuram,Northern TN,11.9401,79.4861,Coconut,Oilseed/Fruit,Annual,2023,56550,554190,9800,9.8,78%,Groundwater / Rainfed,Red Sandy & Clay Loam,Pennaiyar,Critical,20390,22390,40,1090,43870,Viluppuram Regulated Market Yard (TNSAMB),3200,OBSERVED_DATA,"DES Tamil Nadu, TNWC & TNCSC Official Data",https://www.tn.gov.in/deptst/agriculture.htm,High
Tamil Nadu,Viluppuram,Northern TN,11.9401,79.4861,Groundnut,Oilseed,Kharif / Rabi,2023,27650,60830,2200,2.2,78%,Rainfed / GW,Red Sandy & Clay Loam,Pennaiyar,Critical,20390,22390,40,1090,43870,Viluppuram Regulated Market Yard (TNSAMB),3200,OBSERVED_DATA,"DES Tamil Nadu, TNWC & TNCSC Official Data",https://www.tn.gov.in/deptst/agriculture.htm,High
Tamil Nadu,Viluppuram,Northern TN,11.9401,79.4861,Small Millets/Ragi,Cereal,Kharif,2023,12750,20400,1600,1.6,78%,Rainfed,Red Sandy & Clay Loam,Pennaiyar,Critical,20390,22390,40,1090,43870,Viluppuram Regulated Market Yard (TNSAMB),3200,OBSERVED_DATA,"DES Tamil Nadu, TNWC & TNCSC Official Data",https://www.tn.gov.in/deptst/agriculture.htm,High
Tamil Nadu,Kallakurichi,Northern TN,11.7384,78.9639,Paddy/Rice,Cereal,Kharif (Kuruvai / Samba),2023,59200,237806,4017,4.02,72%,Cauvery Canal / Tanks,Red Loam & Black Soil,Manimuktha,Semi-Critical,20313,19313,58,813,40439,Kallakurichi Regulated Market Yard (TNSAMB),2203,OBSERVED_DATA,"DES Tamil Nadu, TNWC & TNCSC Official Data",https://www.tn.gov.in/deptst/agriculture.htm,High
Tamil Nadu,Kallakurichi,Northern TN,11.7384,78.9639,Coconut,Oilseed/Fruit,Annual,2023,49400,498643,10094,10.09,72%,Groundwater / Rainfed,Red Loam & Black Soil,Manimuktha,Semi-Critical,20313,19313,58,813,40439,Kallakurichi Regulated Market Yard (TNSAMB),3200,OBSERVED_DATA,"DES Tamil Nadu, TNWC & TNCSC Official Data",https://www.tn.gov.in/deptst/agriculture.htm,High
Tamil Nadu,Kallakurichi,Northern TN,11.7384,78.9639,Groundnut,Oilseed,Kharif / Rabi,2023,22400,50758,2266,2.27,72%,Rainfed / GW,Red Loam & Black Soil,Manimuktha,Semi-Critical,20313,19313,58,813,40439,Kallakurichi Regulated Market Yard (TNSAMB),3200,OBSERVED_DATA,"DES Tamil Nadu, TNWC & TNCSC Official Data",https://www.tn.gov.in/deptst/agriculture.htm,High
Tamil Nadu,Kallakurichi,Northern TN,11.7384,78.9639,Small Millets/Ragi,Cereal,Kharif,2023,5250,8652,1648,1.65,72%,Rainfed,Red Loam & Black Soil,Manimuktha,Semi-Critical,20313,19313,58,813,40439,Kallakurichi Regulated Market Yard (TNSAMB),3200,OBSERVED_DATA,"DES Tamil Nadu, TNWC & TNCSC Official Data",https://www.tn.gov.in/deptst/agriculture.htm,High
Tamil Nadu,Tiruvannamalai,Northern TN,12.2253,79.0747,Paddy/Rice,Cereal,Kharif (Kuruvai / Samba),2023,57350,234848,4095,4.09,68%,Cauvery Canal / Tanks,Red Loam & Sandy Soil,Cheyyar,Over-Exploited,13235,27235,45,335,40805,Tiruvannamalai Regulated Market Yard (TNSAMB),2203,OBSERVED_DATA,"DES Tamil Nadu, TNWC & TNCSC Official Data",https://www.tn.gov.in/deptst/agriculture.htm,High
Tamil Nadu,Tiruvannamalai,Northern TN,12.2253,79.0747,Coconut,Oilseed/Fruit,Annual,2023,10400,107016,10290,10.29,68%,Groundwater / Rainfed,Red Loam & Sandy Soil,Cheyyar,Over-Exploited,13235,27235,45,335,40805,Tiruvannamalai Regulated Market Yard (TNSAMB),3200,OBSERVED_DATA,"DES Tamil Nadu, TNWC & TNCSC Official Data",https://www.tn.gov.in/deptst/agriculture.htm,High
Tamil Nadu,Tiruvannamalai,Northern TN,12.2253,79.0747,Groundnut,Oilseed,Kharif / Rabi,2023,14700,33957,2310,2.31,68%,Rainfed / GW,Red Loam & Sandy Soil,Cheyyar,Over-Exploited,13235,27235,45,335,40805,Tiruvannamalai Regulated Market Yard (TNSAMB),3200,OBSERVED_DATA,"DES Tamil Nadu, TNWC & TNCSC Official Data",https://www.tn.gov.in/deptst/agriculture.htm,High
Tamil Nadu,Tiruvannamalai,Northern TN,12.2253,79.0747,Small Millets/Ragi,Cereal,Kharif,2023,3449,5794,1680,1.68,68%,Rainfed,Red Loam & Sandy Soil,Cheyyar,Over-Exploited,13235,27235,45,335,40805,Tiruvannamalai Regulated Market Yard (TNSAMB),3200,OBSERVED_DATA,"DES Tamil Nadu, TNWC & TNCSC Official Data",https://www.tn.gov.in/deptst/agriculture.htm,High
Tamil Nadu,Vellore,Northern TN,12.9165,79.1325,Paddy/Rice,Cereal,Kharif (Kuruvai / Samba),2023,136900,528570,3861,3.86,62%,Cauvery Canal / Tanks,Red Loam & Sandy Soil,Palar,Over-Exploited,24509,14509,59,409,39427,Vellore Regulated Market Yard (TNSAMB),2203,OBSERVED_DATA,"DES Tamil Nadu, TNWC & TNCSC Official Data",https://www.tn.gov.in/deptst/agriculture.htm,High
Tamil Nadu,Vellore,Northern TN,12.9165,79.1325,Coconut,Oilseed/Fruit,Annual,2023,48750,472972,9702,9.7,62%,Groundwater / Rainfed,Red Loam & Sandy Soil,Palar,Over-Exploited,24509,14509,59,409,39427,Vellore Regulated Market Yard (TNSAMB),3200,OBSERVED_DATA,"DES Tamil Nadu, TNWC & TNCSC Official Data",https://www.tn.gov.in/deptst/agriculture.htm,High
Tamil Nadu,Vellore,Northern TN,12.9165,79.1325,Groundnut,Oilseed,Kharif / Rabi,2023,30450,66320,2178,2.18,62%,Rainfed / GW,Red Loam & Sandy Soil,Palar,Over-Exploited,24509,14509,59,409,39427,Vellore Regulated Market Yard (TNSAMB),3200,OBSERVED_DATA,"DES Tamil Nadu, TNWC & TNCSC Official Data",https://www.tn.gov.in/deptst/agriculture.htm,High
Tamil Nadu,Vellore,Northern TN,12.9165,79.1325,Small Millets/Ragi,Cereal,Kharif,2023,5850,9266,1584,1.58,62%,Rainfed,Red Loam & Sandy Soil,Palar,Over-Exploited,24509,14509,59,409,39427,Vellore Regulated Market Yard (TNSAMB),3200,OBSERVED_DATA,"DES Tamil Nadu, TNWC & TNCSC Official Data",https://www.tn.gov.in/deptst/agriculture.htm,High
Tamil Nadu,Ranipet,Northern TN,12.9224,79.3331,Paddy/Rice,Cereal,Kharif (Kuruvai / Samba),2023,46250,183982,3978,3.98,65%,Cauvery Canal / Tanks,Alluvial & Clay Loam,Palar,Semi-Critical,15912,26912,42,412,43236,Ranipet Regulated Market Yard (TNSAMB),2203,OBSERVED_DATA,"DES Tamil Nadu, TNWC & TNCSC Official Data",https://www.tn.gov.in/deptst/agriculture.htm,High
Tamil Nadu,Ranipet,Northern TN,12.9224,79.3331,Coconut,Oilseed/Fruit,Annual,2023,10400,103958,9996,10.0,65%,Groundwater / Rainfed,Alluvial & Clay Loam,Palar,Semi-Critical,15912,26912,42,412,43236,Ranipet Regulated Market Yard (TNSAMB),3200,OBSERVED_DATA,"DES Tamil Nadu, TNWC & TNCSC Official Data",https://www.tn.gov.in/deptst/agriculture.htm,High
Tamil Nadu,Ranipet,Northern TN,12.9224,79.3331,Groundnut,Oilseed,Kharif / Rabi,2023,30800,69115,2244,2.24,65%,Rainfed / GW,Alluvial & Clay Loam,Palar,Semi-Critical,15912,26912,42,412,43236,Ranipet Regulated Market Yard (TNSAMB),3200,OBSERVED_DATA,"DES Tamil Nadu, TNWC & TNCSC Official Data",https://www.tn.gov.in/deptst/agriculture.htm,High
Tamil Nadu,Ranipet,Northern TN,12.9224,79.3331,Small Millets/Ragi,Cereal,Kharif,2023,11100,18115,1632,1.63,65%,Rainfed,Alluvial & Clay Loam,Palar,Semi-Critical,15912,26912,42,412,43236,Ranipet Regulated Market Yard (TNSAMB),3200,OBSERVED_DATA,"DES Tamil Nadu, TNWC & TNCSC Official Data",https://www.tn.gov.in/deptst/agriculture.htm,High
Tamil Nadu,Tirupathur,Northern TN,12.4925,78.5678,Paddy/Rice,Cereal,Kharif (Kuruvai / Samba),2023,99900,381817,3822,3.82,58%,Cauvery Canal / Tanks,Red Sandy Soil,Palar,Semi-Critical,22928,15928,28,1028,39884,Tirupathur Regulated Market Yard (TNSAMB),2203,OBSERVED_DATA,"DES Tamil Nadu, TNWC & TNCSC Official Data",https://www.tn.gov.in/deptst/agriculture.htm,High
Tamil Nadu,Tirupathur,Northern TN,12.4925,78.5678,Coconut,Oilseed/Fruit,Annual,2023,59800,574319,9604,9.6,58%,Groundwater / Rainfed,Red Sandy Soil,Palar,Semi-Critical,22928,15928,28,1028,39884,Tirupathur Regulated Market Yard (TNSAMB),3200,OBSERVED_DATA,"DES Tamil Nadu, TNWC & TNCSC Official Data",https://www.tn.gov.in/deptst/agriculture.htm,High
Tamil Nadu,Tirupathur,Northern TN,12.4925,78.5678,Groundnut,Oilseed,Kharif / Rabi,2023,23450,50558,2156,2.16,58%,Rainfed / GW,Red Sandy Soil,Palar,Semi-Critical,22928,15928,28,1028,39884,Tirupathur Regulated Market Yard (TNSAMB),3200,OBSERVED_DATA,"DES Tamil Nadu, TNWC & TNCSC Official Data",https://www.tn.gov.in/deptst/agriculture.htm,High
Tamil Nadu,Tirupathur,Northern TN,12.4925,78.5678,Small Millets/Ragi,Cereal,Kharif,2023,4500,7056,1568,1.57,58%,Rainfed,Red Sandy Soil,Palar,Semi-Critical,22928,15928,28,1028,39884,Tirupathur Regulated Market Yard (TNSAMB),3200,OBSERVED_DATA,"DES Tamil Nadu, TNWC & TNCSC Official Data",https://www.tn.gov.in/deptst/agriculture.htm,High
Tamil Nadu,Kanchipuram,Northern Coastal,12.8342,79.7036,Paddy/Rice,Cereal,Kharif (Kuruvai / Samba),2023,116550,409090,3510,3.51,80%,Cauvery Canal / Tanks,Clayey & Alluvial Soil,Palar / Cheyyar,Safe,19740,18740,50,640,39120,Kanchipuram Regulated Market Yard (TNSAMB),2203,OBSERVED_DATA,"DES Tamil Nadu, TNWC & TNCSC Official Data",https://www.tn.gov.in/deptst/agriculture.htm,High
Tamil Nadu,Kanchipuram,Northern Coastal,12.8342,79.7036,Coconut,Oilseed/Fruit,Annual,2023,57200,504504,8820,8.82,80%,Groundwater / Rainfed,Clayey & Alluvial Soil,Palar / Cheyyar,Safe,19740,18740,50,640,39120,Kanchipuram Regulated Market Yard (TNSAMB),3200,OBSERVED_DATA,"DES Tamil Nadu, TNWC & TNCSC Official Data",https://www.tn.gov.in/deptst/agriculture.htm,High
Tamil Nadu,Kanchipuram,Northern Coastal,12.8342,79.7036,Groundnut,Oilseed,Kharif / Rabi,2023,9800,19404,1980,1.98,80%,Rainfed / GW,Clayey & Alluvial Soil,Palar / Cheyyar,Safe,19740,18740,50,640,39120,Kanchipuram Regulated Market Yard (TNSAMB),3200,OBSERVED_DATA,"DES Tamil Nadu, TNWC & TNCSC Official Data",https://www.tn.gov.in/deptst/agriculture.htm,High
Tamil Nadu,Kanchipuram,Northern Coastal,12.8342,79.7036,Small Millets/Ragi,Cereal,Kharif,2023,12000,17280,1440,1.44,80%,Rainfed,Clayey & Alluvial Soil,Palar / Cheyyar,Safe,19740,18740,50,640,39120,Kanchipuram Regulated Market Yard (TNSAMB),3200,OBSERVED_DATA,"DES Tamil Nadu, TNWC & TNCSC Official Data",https://www.tn.gov.in/deptst/agriculture.htm,High
Tamil Nadu,Chengalpattu,Northern Coastal,12.6819,79.9888,Paddy/Rice,Cereal,Kharif (Kuruvai / Samba),2023,101750,408729,4017,4.02,75%,Cauvery Canal / Tanks,Coastal Alluvium & Red Clay,Palar,Safe,21933,20933,48,833,43699,Chengalpattu Regulated Market Yard (TNSAMB),2203,OBSERVED_DATA,"DES Tamil Nadu, TNWC & TNCSC Official Data",https://www.tn.gov.in/deptst/agriculture.htm,High
Tamil Nadu,Chengalpattu,Northern Coastal,12.6819,79.9888,Coconut,Oilseed/Fruit,Annual,2023,25350,255882,10094,10.09,75%,Groundwater / Rainfed,Coastal Alluvium & Red Clay,Palar,Safe,21933,20933,48,833,43699,Chengalpattu Regulated Market Yard (TNSAMB),3200,OBSERVED_DATA,"DES Tamil Nadu, TNWC & TNCSC Official Data",https://www.tn.gov.in/deptst/agriculture.htm,High
Tamil Nadu,Chengalpattu,Northern Coastal,12.6819,79.9888,Groundnut,Oilseed,Kharif / Rabi,2023,5600,12689,2266,2.27,75%,Rainfed / GW,Coastal Alluvium & Red Clay,Palar,Safe,21933,20933,48,833,43699,Chengalpattu Regulated Market Yard (TNSAMB),3200,OBSERVED_DATA,"DES Tamil Nadu, TNWC & TNCSC Official Data",https://www.tn.gov.in/deptst/agriculture.htm,High
Tamil Nadu,Chengalpattu,Northern Coastal,12.6819,79.9888,Small Millets/Ragi,Cereal,Kharif,2023,10800,17798,1648,1.65,75%,Rainfed,Coastal Alluvium & Red Clay,Palar,Safe,21933,20933,48,833,43699,Chengalpattu Regulated Market Yard (TNSAMB),3200,OBSERVED_DATA,"DES Tamil Nadu, TNWC & TNCSC Official Data",https://www.tn.gov.in/deptst/agriculture.htm,High
Tamil Nadu,Tiruvallur,Northern Coastal,13.1432,79.908,Paddy/Rice,Cereal,Kharif (Kuruvai / Samba),2023,149850,543505,3627,3.63,82%,Cauvery Canal / Tanks,Alluvial & Red Soil,Kosasthalaiyar,Over-Exploited,21863,26863,43,363,49089,Tiruvallur Regulated Market Yard (TNSAMB),2203,OBSERVED_DATA,"DES Tamil Nadu, TNWC & TNCSC Official Data",https://www.tn.gov.in/deptst/agriculture.htm,High
Tamil Nadu,Tiruvallur,Northern Coastal,13.1432,79.908,Coconut,Oilseed/Fruit,Annual,2023,53300,485776,9114,9.11,82%,Groundwater / Rainfed,Alluvial & Red Soil,Kosasthalaiyar,Over-Exploited,21863,26863,43,363,49089,Tiruvallur Regulated Market Yard (TNSAMB),3200,OBSERVED_DATA,"DES Tamil Nadu, TNWC & TNCSC Official Data",https://www.tn.gov.in/deptst/agriculture.htm,High
Tamil Nadu,Tiruvallur,Northern Coastal,13.1432,79.908,Groundnut,Oilseed,Kharif / Rabi,2023,8049,16468,2046,2.05,82%,Rainfed / GW,Alluvial & Red Soil,Kosasthalaiyar,Over-Exploited,21863,26863,43,363,49089,Tiruvallur Regulated Market Yard (TNSAMB),3200,OBSERVED_DATA,"DES Tamil Nadu, TNWC & TNCSC Official Data",https://www.tn.gov.in/deptst/agriculture.htm,High
Tamil Nadu,Tiruvallur,Northern Coastal,13.1432,79.908,Small Millets/Ragi,Cereal,Kharif,2023,2549,3792,1488,1.49,82%,Rainfed,Alluvial & Red Soil,Kosasthalaiyar,Over-Exploited,21863,26863,43,363,49089,Tiruvallur Regulated Market Yard (TNSAMB),3200,OBSERVED_DATA,"DES Tamil Nadu, TNWC & TNCSC Official Data",https://www.tn.gov.in/deptst/agriculture.htm,High
Tamil Nadu,Chennai,Metropolitan,13.0827,80.2707,Paddy/Rice,Cereal,Kharif (Kuruvai / Samba),2023,109150,417171,3822,3.82,10%,Cauvery Canal / Tanks,Urban Alluvium,Cooum / Adyar,Over-Exploited,14648,28648,43,948,44244,Chennai Regulated Market Yard (TNSAMB),2203,OBSERVED_DATA,"DES Tamil Nadu, TNWC & TNCSC Official Data",https://www.tn.gov.in/deptst/agriculture.htm,High
Tamil Nadu,Chennai,Metropolitan,13.0827,80.2707,Coconut,Oilseed/Fruit,Annual,2023,18850,181035,9604,9.6,10%,Groundwater / Rainfed,Urban Alluvium,Cooum / Adyar,Over-Exploited,14648,28648,43,948,44244,Chennai Regulated Market Yard (TNSAMB),3200,OBSERVED_DATA,"DES Tamil Nadu, TNWC & TNCSC Official Data",https://www.tn.gov.in/deptst/agriculture.htm,High
Tamil Nadu,Chennai,Metropolitan,13.0827,80.2707,Groundnut,Oilseed,Kharif / Rabi,2023,6650,14337,2156,2.16,10%,Rainfed / GW,Urban Alluvium,Cooum / Adyar,Over-Exploited,14648,28648,43,948,44244,Chennai Regulated Market Yard (TNSAMB),3200,OBSERVED_DATA,"DES Tamil Nadu, TNWC & TNCSC Official Data",https://www.tn.gov.in/deptst/agriculture.htm,High
Tamil Nadu,Chennai,Metropolitan,13.0827,80.2707,Small Millets/Ragi,Cereal,Kharif,2023,4350,6820,1568,1.57,10%,Rainfed,Urban Alluvium,Cooum / Adyar,Over-Exploited,14648,28648,43,948,44244,Chennai Regulated Market Yard (TNSAMB),3200,OBSERVED_DATA,"DES Tamil Nadu, TNWC & TNCSC Official Data",https://www.tn.gov.in/deptst/agriculture.htm,High
Tamil Nadu,Salem,Western TN,11.6643,78.146,Tapioca,Tuber,Annual,2023,3720,94785,25480,25.48,64%,Rainfed / GW,Red Loam & Black Soil,Thirumanimuthar,Critical,34461,54461,36,2761,91683,Salem Regulated Market Yard (TNSAMB),3200,OBSERVED_DATA,"DES Tamil Nadu, TNWC & TNCSC Official Data",https://www.tn.gov.in/deptst/agriculture.htm,High
Tamil Nadu,Salem,Western TN,11.6643,78.146,Onion (Shallots),Vegetable,Kharif / Rabi,2023,7810,85285,10920,10.92,64%,Well Irrigation,Red Loam & Black Soil,Thirumanimuthar,Critical,34461,54461,36,2761,91683,Salem Regulated Market Yard (TNSAMB),4400,OBSERVED_DATA,"DES Tamil Nadu, TNWC & TNCSC Official Data",https://www.tn.gov.in/deptst/agriculture.htm,High
Tamil Nadu,Salem,Western TN,11.6643,78.146,Sugarcane,Cash Crop,Annual,2023,31500,2350530,74620,74.62,64%,Canal / Tubewell,Red Loam & Black Soil,Thirumanimuthar,Critical,34461,54461,36,2761,91683,Salem Regulated Market Yard (TNSAMB),3200,OBSERVED_DATA,"DES Tamil Nadu, TNWC & TNCSC Official Data",https://www.tn.gov.in/deptst/agriculture.htm,High
Tamil Nadu,Salem,Western TN,11.6643,78.146,Maize,Cereal,Kharif / Rabi,2023,4000,16380,4095,4.09,64%,Groundwater,Red Loam & Black Soil,Thirumanimuthar,Critical,34461,54461,36,2761,91683,Salem Regulated Market Yard (TNSAMB),1850,OBSERVED_DATA,"DES Tamil Nadu, TNWC & TNCSC Official Data",https://www.tn.gov.in/deptst/agriculture.htm,High
Tamil Nadu,Namakkal,Western TN,11.2189,78.1674,Tapioca,Tuber,Annual,2023,10800,311472,28840,28.84,60%,Rainfed / GW,Red Loam & Gravelly Soil,Cauvery,Over-Exploited,19593,15593,43,693,35879,Namakkal Regulated Market Yard (TNSAMB),3200,OBSERVED_DATA,"DES Tamil Nadu, TNWC & TNCSC Official Data",https://www.tn.gov.in/deptst/agriculture.htm,High
Tamil Nadu,Namakkal,Western TN,11.2189,78.1674,Onion (Shallots),Vegetable,Kharif / Rabi,2023,8140,100610,12360,12.36,60%,Well Irrigation,Red Loam & Gravelly Soil,Cauvery,Over-Exploited,19593,15593,43,693,35879,Namakkal Regulated Market Yard (TNSAMB),4400,OBSERVED_DATA,"DES Tamil Nadu, TNWC & TNCSC Official Data",https://www.tn.gov.in/deptst/agriculture.htm,High
Tamil Nadu,Namakkal,Western TN,11.2189,78.1674,Sugarcane,Cash Crop,Annual,2023,38220,3228061,84460,84.46,60%,Canal / Tubewell,Red Loam & Gravelly Soil,Cauvery,Over-Exploited,19593,15593,43,693,35879,Namakkal Regulated Market Yard (TNSAMB),3200,OBSERVED_DATA,"DES Tamil Nadu, TNWC & TNCSC Official Data",https://www.tn.gov.in/deptst/agriculture.htm,High
Tamil Nadu,Namakkal,Western TN,11.2189,78.1674,Maize,Cereal,Kharif / Rabi,2023,19250,89223,4635,4.63,60%,Groundwater,Red Loam & Gravelly Soil,Cauvery,Over-Exploited,19593,15593,43,693,35879,Namakkal Regulated Market Yard (TNSAMB),1850,OBSERVED_DATA,"DES Tamil Nadu, TNWC & TNCSC Official Data",https://www.tn.gov.in/deptst/agriculture.htm,High
Tamil Nadu,Erode,Western TN,11.341,77.7172,Paddy/Rice,Cereal,Kharif (Kuruvai / Samba),2023,40700,161904,3978,3.98,76%,Cauvery Canal / Tanks,Red Loam & Black Cotton Soil,Cauvery / Bhavani,Semi-Critical,22492,24492,57,792,47776,Erode Regulated Market Yard (TNSAMB),2203,OBSERVED_DATA,"DES Tamil Nadu, TNWC & TNCSC Official Data",https://www.tn.gov.in/deptst/agriculture.htm,High
Tamil Nadu,Erode,Western TN,11.341,77.7172,Coconut,Oilseed/Fruit,Annual,2023,24700,246901,9996,10.0,76%,Groundwater / Rainfed,Red Loam & Black Cotton Soil,Cauvery / Bhavani,Semi-Critical,22492,24492,57,792,47776,Erode Regulated Market Yard (TNSAMB),3200,OBSERVED_DATA,"DES Tamil Nadu, TNWC & TNCSC Official Data",https://www.tn.gov.in/deptst/agriculture.htm,High
Tamil Nadu,Erode,Western TN,11.341,77.7172,Groundnut,Oilseed,Kharif / Rabi,2023,16450,36913,2244,2.24,76%,Rainfed / GW,Red Loam & Black Cotton Soil,Cauvery / Bhavani,Semi-Critical,22492,24492,57,792,47776,Erode Regulated Market Yard (TNSAMB),3200,OBSERVED_DATA,"DES Tamil Nadu, TNWC & TNCSC Official Data",https://www.tn.gov.in/deptst/agriculture.htm,High
Tamil Nadu,Erode,Western TN,11.341,77.7172,Small Millets/Ragi,Cereal,Kharif,2023,3150,5140,1632,1.63,76%,Rainfed,Red Loam & Black Cotton Soil,Cauvery / Bhavani,Semi-Critical,22492,24492,57,792,47776,Erode Regulated Market Yard (TNSAMB),3200,OBSERVED_DATA,"DES Tamil Nadu, TNWC & TNCSC Official Data",https://www.tn.gov.in/deptst/agriculture.htm,High
Tamil Nadu,Tiruppur,Western TN,11.1085,77.3411,Paddy/Rice,Cereal,Kharif (Kuruvai / Samba),2023,146150,564285,3861,3.86,58%,Cauvery Canal / Tanks,Red Sandy & Black Soil,Noyyal / Amaravathi,Over-Exploited,16849,12849,44,349,30047,Tiruppur Regulated Market Yard (TNSAMB),2203,OBSERVED_DATA,"DES Tamil Nadu, TNWC & TNCSC Official Data",https://www.tn.gov.in/deptst/agriculture.htm,High
Tamil Nadu,Tiruppur,Western TN,11.1085,77.3411,Coconut,Oilseed/Fruit,Annual,2023,41600,403603,9702,9.7,58%,Groundwater / Rainfed,Red Sandy & Black Soil,Noyyal / Amaravathi,Over-Exploited,16849,12849,44,349,30047,Tiruppur Regulated Market Yard (TNSAMB),3200,OBSERVED_DATA,"DES Tamil Nadu, TNWC & TNCSC Official Data",https://www.tn.gov.in/deptst/agriculture.htm,High
Tamil Nadu,Tiruppur,Western TN,11.1085,77.3411,Groundnut,Oilseed,Kharif / Rabi,2023,32900,71656,2178,2.18,58%,Rainfed / GW,Red Sandy & Black Soil,Noyyal / Amaravathi,Over-Exploited,16849,12849,44,349,30047,Tiruppur Regulated Market Yard (TNSAMB),3200,OBSERVED_DATA,"DES Tamil Nadu, TNWC & TNCSC Official Data",https://www.tn.gov.in/deptst/agriculture.htm,High
Tamil Nadu,Tiruppur,Western TN,11.1085,77.3411,Small Millets/Ragi,Cereal,Kharif,2023,11400,18057,1584,1.58,58%,Rainfed,Red Sandy & Black Soil,Noyyal / Amaravathi,Over-Exploited,16849,12849,44,349,30047,Tiruppur Regulated Market Yard (TNSAMB),3200,OBSERVED_DATA,"DES Tamil Nadu, TNWC & TNCSC Official Data",https://www.tn.gov.in/deptst/agriculture.htm,High
Tamil Nadu,Coimbatore,Western TN,11.0168,76.9558,Paddy/Rice,Cereal,Kharif (Kuruvai / Samba),2023,112850,470923,4173,4.17,65%,Cauvery Canal / Tanks,Red Loam & Black Soil,Noyyal / Bhavani,Over-Exploited,40437,30437,57,5237,76111,Coimbatore Regulated Market Yard (TNSAMB),2203,OBSERVED_DATA,"DES Tamil Nadu, TNWC & TNCSC Official Data",https://www.tn.gov.in/deptst/agriculture.htm,High
Tamil Nadu,Coimbatore,Western TN,11.0168,76.9558,Coconut,Oilseed/Fruit,Annual,2023,55900,586167,10486,10.49,65%,Groundwater / Rainfed,Red Loam & Black Soil,Noyyal / Bhavani,Over-Exploited,40437,30437,57,5237,76111,Coimbatore Regulated Market Yard (TNSAMB),3200,OBSERVED_DATA,"DES Tamil Nadu, TNWC & TNCSC Official Data",https://www.tn.gov.in/deptst/agriculture.htm,High
Tamil Nadu,Coimbatore,Western TN,11.0168,76.9558,Groundnut,Oilseed,Kharif / Rabi,2023,31150,73327,2354,2.35,65%,Rainfed / GW,Red Loam & Black Soil,Noyyal / Bhavani,Over-Exploited,40437,30437,57,5237,76111,Coimbatore Regulated Market Yard (TNSAMB),3200,OBSERVED_DATA,"DES Tamil Nadu, TNWC & TNCSC Official Data",https://www.tn.gov.in/deptst/agriculture.htm,High
Tamil Nadu,Coimbatore,Western TN,11.0168,76.9558,Small Millets/Ragi,Cereal,Kharif,2023,6450,11042,1712,1.71,65%,Rainfed,Red Loam & Black Soil,Noyyal / Bhavani,Over-Exploited,40437,30437,57,5237,76111,Coimbatore Regulated Market Yard (TNSAMB),3200,OBSERVED_DATA,"DES Tamil Nadu, TNWC & TNCSC Official Data",https://www.tn.gov.in/deptst/agriculture.htm,High
Tamil Nadu,Nilgiris,Western Hilly,11.4916,76.7337,Paddy/Rice,Cereal,Kharif (Kuruvai / Samba),2023,74000,285714,3861,3.86,25%,Cauvery Canal / Tanks,Laterite Peaty Soil,Moyar / Pykara,Safe,24889,14889,44,389,40167,Nilgiris Regulated Market Yard (TNSAMB),2203,OBSERVED_DATA,"DES Tamil Nadu, TNWC & TNCSC Official Data",https://www.tn.gov.in/deptst/agriculture.htm,High
Tamil Nadu,Nilgiris,Western Hilly,11.4916,76.7337,Coconut,Oilseed/Fruit,Annual,2023,46150,447747,9702,9.7,25%,Groundwater / Rainfed,Laterite Peaty Soil,Moyar / Pykara,Safe,24889,14889,44,389,40167,Nilgiris Regulated Market Yard (TNSAMB),3200,OBSERVED_DATA,"DES Tamil Nadu, TNWC & TNCSC Official Data",https://www.tn.gov.in/deptst/agriculture.htm,High
Tamil Nadu,Nilgiris,Western Hilly,11.4916,76.7337,Groundnut,Oilseed,Kharif / Rabi,2023,9450,20582,2178,2.18,25%,Rainfed / GW,Laterite Peaty Soil,Moyar / Pykara,Safe,24889,14889,44,389,40167,Nilgiris Regulated Market Yard (TNSAMB),3200,OBSERVED_DATA,"DES Tamil Nadu, TNWC & TNCSC Official Data",https://www.tn.gov.in/deptst/agriculture.htm,High
Tamil Nadu,Nilgiris,Western Hilly,11.4916,76.7337,Small Millets/Ragi,Cereal,Kharif,2023,8850,14018,1584,1.58,25%,Rainfed,Laterite Peaty Soil,Moyar / Pykara,Safe,24889,14889,44,389,40167,Nilgiris Regulated Market Yard (TNSAMB),3200,OBSERVED_DATA,"DES Tamil Nadu, TNWC & TNCSC Official Data",https://www.tn.gov.in/deptst/agriculture.htm,High
Tamil Nadu,Dharmapuri,North Western,12.1211,78.1582,Tapioca,Tuber,Annual,2023,11040,327667,29680,29.68,48%,Rainfed / GW,Red Sandy & Gravelly Soil,Ponnaiyar,Over-Exploited,13176,12176,31,476,25828,Dharmapuri Regulated Market Yard (TNSAMB),3200,OBSERVED_DATA,"DES Tamil Nadu, TNWC & TNCSC Official Data",https://www.tn.gov.in/deptst/agriculture.htm,High
Tamil Nadu,Dharmapuri,North Western,12.1211,78.1582,Onion (Shallots),Vegetable,Kharif / Rabi,2023,7150,90948,12720,12.72,48%,Well Irrigation,Red Sandy & Gravelly Soil,Ponnaiyar,Over-Exploited,13176,12176,31,476,25828,Dharmapuri Regulated Market Yard (TNSAMB),4400,OBSERVED_DATA,"DES Tamil Nadu, TNWC & TNCSC Official Data",https://www.tn.gov.in/deptst/agriculture.htm,High
Tamil Nadu,Dharmapuri,North Western,12.1211,78.1582,Sugarcane,Cash Crop,Annual,2023,21840,1898332,86920,86.92,48%,Canal / Tubewell,Red Sandy & Gravelly Soil,Ponnaiyar,Over-Exploited,13176,12176,31,476,25828,Dharmapuri Regulated Market Yard (TNSAMB),3200,OBSERVED_DATA,"DES Tamil Nadu, TNWC & TNCSC Official Data",https://www.tn.gov.in/deptst/agriculture.htm,High
Tamil Nadu,Dharmapuri,North Western,12.1211,78.1582,Maize,Cereal,Kharif / Rabi,2023,13000,62010,4770,4.77,48%,Groundwater,Red Sandy & Gravelly Soil,Ponnaiyar,Over-Exploited,13176,12176,31,476,25828,Dharmapuri Regulated Market Yard (TNSAMB),1850,OBSERVED_DATA,"DES Tamil Nadu, TNWC & TNCSC Official Data",https://www.tn.gov.in/deptst/agriculture.htm,High
Tamil Nadu,Krishnagiri,North Western,12.5186,78.2137,Paddy/Rice,Cereal,Kharif (Kuruvai / Samba),2023,62899,242853,3861,3.86,52%,Cauvery Canal / Tanks,Red Loam & Sandy Soil,Ponnaiyar,Critical,12009,25009,29,4209,41227,Krishnagiri Regulated Market Yard (TNSAMB),2203,OBSERVED_DATA,"DES Tamil Nadu, TNWC & TNCSC Official Data",https://www.tn.gov.in/deptst/agriculture.htm,High
Tamil Nadu,Krishnagiri,North Western,12.5186,78.2137,Coconut,Oilseed/Fruit,Annual,2023,46150,447747,9702,9.7,52%,Groundwater / Rainfed,Red Loam & Sandy Soil,Ponnaiyar,Critical,12009,25009,29,4209,41227,Krishnagiri Regulated Market Yard (TNSAMB),3200,OBSERVED_DATA,"DES Tamil Nadu, TNWC & TNCSC Official Data",https://www.tn.gov.in/deptst/agriculture.htm,High
Tamil Nadu,Krishnagiri,North Western,12.5186,78.2137,Groundnut,Oilseed,Kharif / Rabi,2023,15050,32778,2178,2.18,52%,Rainfed / GW,Red Loam & Sandy Soil,Ponnaiyar,Critical,12009,25009,29,4209,41227,Krishnagiri Regulated Market Yard (TNSAMB),3200,OBSERVED_DATA,"DES Tamil Nadu, TNWC & TNCSC Official Data",https://www.tn.gov.in/deptst/agriculture.htm,High
Tamil Nadu,Krishnagiri,North Western,12.5186,78.2137,Small Millets/Ragi,Cereal,Kharif,2023,13500,21384,1584,1.58,52%,Rainfed,Red Loam & Sandy Soil,Ponnaiyar,Critical,12009,25009,29,4209,41227,Krishnagiri Regulated Market Yard (TNSAMB),3200,OBSERVED_DATA,"DES Tamil Nadu, TNWC & TNCSC Official Data",https://www.tn.gov.in/deptst/agriculture.htm,High
Tamil Nadu,Karur,Central TN,10.9601,78.0766,Paddy/Rice,Cereal,Kharif (Kuruvai / Samba),2023,44400,174891,3939,3.94,70%,Cauvery Canal / Tanks,Red Sandy & Black Soil,Cauvery / Amaravathi,Over-Exploited,21691,20691,41,591,42973,Karur Regulated Market Yard (TNSAMB),2203,OBSERVED_DATA,"DES Tamil Nadu, TNWC & TNCSC Official Data",https://www.tn.gov.in/deptst/agriculture.htm,High
Tamil Nadu,Karur,Central TN,10.9601,78.0766,Coconut,Oilseed/Fruit,Annual,2023,41600,411756,9898,9.9,70%,Groundwater / Rainfed,Red Sandy & Black Soil,Cauvery / Amaravathi,Over-Exploited,21691,20691,41,591,42973,Karur Regulated Market Yard (TNSAMB),3200,OBSERVED_DATA,"DES Tamil Nadu, TNWC & TNCSC Official Data",https://www.tn.gov.in/deptst/agriculture.htm,High
Tamil Nadu,Karur,Central TN,10.9601,78.0766,Groundnut,Oilseed,Kharif / Rabi,2023,19250,42773,2222,2.22,70%,Rainfed / GW,Red Sandy & Black Soil,Cauvery / Amaravathi,Over-Exploited,21691,20691,41,591,42973,Karur Regulated Market Yard (TNSAMB),3200,OBSERVED_DATA,"DES Tamil Nadu, TNWC & TNCSC Official Data",https://www.tn.gov.in/deptst/agriculture.htm,High
Tamil Nadu,Karur,Central TN,10.9601,78.0766,Small Millets/Ragi,Cereal,Kharif,2023,9450,15271,1616,1.62,70%,Rainfed,Red Sandy & Black Soil,Cauvery / Amaravathi,Over-Exploited,21691,20691,41,591,42973,Karur Regulated Market Yard (TNSAMB),3200,OBSERVED_DATA,"DES Tamil Nadu, TNWC & TNCSC Official Data",https://www.tn.gov.in/deptst/agriculture.htm,High
Tamil Nadu,Perambalur,Central TN,11.2342,78.882,Maize,Cereal,Kharif / Rabi,2023,15750,64496,4095,4.09,55%,Groundwater,Black Cotton & Red Soil,Vellar,Semi-Critical,29261,16261,31,3461,48983,Perambalur Regulated Market Yard (TNSAMB),1850,OBSERVED_DATA,"DES Tamil Nadu, TNWC & TNCSC Official Data",https://www.tn.gov.in/deptst/agriculture.htm,High
Tamil Nadu,Perambalur,Central TN,11.2342,78.882,Onion (Shallots),Vegetable,Kharif / Rabi,2023,8250,90090,10920,10.92,55%,Well Irrigation,Black Cotton & Red Soil,Vellar,Semi-Critical,29261,16261,31,3461,48983,Perambalur Regulated Market Yard (TNSAMB),4400,OBSERVED_DATA,"DES Tamil Nadu, TNWC & TNCSC Official Data",https://www.tn.gov.in/deptst/agriculture.htm,High
Tamil Nadu,Perambalur,Central TN,11.2342,78.882,Cotton,Fiber,Kharif,2023,9100,5796,637,0.64,55%,Rainfed / GW,Black Cotton & Red Soil,Vellar,Semi-Critical,29261,16261,31,3461,48983,Perambalur Regulated Market Yard (TNSAMB),3200,OBSERVED_DATA,"DES Tamil Nadu, TNWC & TNCSC Official Data",https://www.tn.gov.in/deptst/agriculture.htm,High
Tamil Nadu,Perambalur,Central TN,11.2342,78.882,Groundnut,Oilseed,Kharif / Rabi,2023,24850,49749,2002,2.0,55%,Rainfed / GW,Black Cotton & Red Soil,Vellar,Semi-Critical,29261,16261,31,3461,48983,Perambalur Regulated Market Yard (TNSAMB),3200,OBSERVED_DATA,"DES Tamil Nadu, TNWC & TNCSC Official Data",https://www.tn.gov.in/deptst/agriculture.htm,High
Tamil Nadu,Ariyalur,Central TN,11.1401,79.0782,Paddy/Rice,Cereal,Kharif (Kuruvai / Samba),2023,183150,692856,3783,3.78,62%,Cauvery Canal / Tanks,Red Loam & Clayey Soil,Marudhaiyaru,Safe,13067,21067,32,967,35101,Ariyalur Regulated Market Yard (TNSAMB),2203,OBSERVED_DATA,"DES Tamil Nadu, TNWC & TNCSC Official Data",https://www.tn.gov.in/deptst/agriculture.htm,High
Tamil Nadu,Ariyalur,Central TN,11.1401,79.0782,Coconut,Oilseed/Fruit,Annual,2023,31850,302766,9506,9.51,62%,Groundwater / Rainfed,Red Loam & Clayey Soil,Marudhaiyaru,Safe,13067,21067,32,967,35101,Ariyalur Regulated Market Yard (TNSAMB),3200,OBSERVED_DATA,"DES Tamil Nadu, TNWC & TNCSC Official Data",https://www.tn.gov.in/deptst/agriculture.htm,High
Tamil Nadu,Ariyalur,Central TN,11.1401,79.0782,Groundnut,Oilseed,Kharif / Rabi,2023,29400,62739,2134,2.13,62%,Rainfed / GW,Red Loam & Clayey Soil,Marudhaiyaru,Safe,13067,21067,32,967,35101,Ariyalur Regulated Market Yard (TNSAMB),3200,OBSERVED_DATA,"DES Tamil Nadu, TNWC & TNCSC Official Data",https://www.tn.gov.in/deptst/agriculture.htm,High
Tamil Nadu,Ariyalur,Central TN,11.1401,79.0782,Small Millets/Ragi,Cereal,Kharif,2023,7800,12105,1552,1.55,62%,Rainfed,Red Loam & Clayey Soil,Marudhaiyaru,Safe,13067,21067,32,967,35101,Ariyalur Regulated Market Yard (TNSAMB),3200,OBSERVED_DATA,"DES Tamil Nadu, TNWC & TNCSC Official Data",https://www.tn.gov.in/deptst/agriculture.htm,High
Tamil Nadu,Pudukkottai,Southern Delta,10.3833,78.8,Paddy/Rice,Cereal,Kharif (Kuruvai / Samba),2023,109150,455482,4173,4.17,54%,Cauvery Canal / Tanks,Red Sandy & Laterite Soil,Vellar / Agniyar,Semi-Critical,48097,63097,177,347,111541,Pudukkottai Regulated Market Yard (TNSAMB),2203,OBSERVED_DATA,"DES Tamil Nadu, TNWC & TNCSC Official Data",https://www.tn.gov.in/deptst/agriculture.htm,High
Tamil Nadu,Pudukkottai,Southern Delta,10.3833,78.8,Blackgram/Urad,Pulse,Rabi (Rice Fallow),2023,14000,11984,856,0.86,54%,Rice Fallow Moisture,Red Sandy & Laterite Soil,Vellar / Agniyar,Semi-Critical,48097,63097,177,347,111541,Pudukkottai Regulated Market Yard (TNSAMB),3200,OBSERVED_DATA,"DES Tamil Nadu, TNWC & TNCSC Official Data",https://www.tn.gov.in/deptst/agriculture.htm,High
Tamil Nadu,Pudukkottai,Southern Delta,10.3833,78.8,Greengram/Moong,Pulse,Rabi (Rice Fallow),2023,7560,6063,802,0.8,54%,Rice Fallow Moisture,Red Sandy & Laterite Soil,Vellar / Agniyar,Semi-Critical,48097,63097,177,347,111541,Pudukkottai Regulated Market Yard (TNSAMB),3200,OBSERVED_DATA,"DES Tamil Nadu, TNWC & TNCSC Official Data",https://www.tn.gov.in/deptst/agriculture.htm,High
Tamil Nadu,Pudukkottai,Southern Delta,10.3833,78.8,Coconut,Oilseed/Fruit,Annual,2023,46800,490744,10486,10.49,54%,Groundwater / Rainfed,Red Sandy & Laterite Soil,Vellar / Agniyar,Semi-Critical,48097,63097,177,347,111541,Pudukkottai Regulated Market Yard (TNSAMB),3200,OBSERVED_DATA,"DES Tamil Nadu, TNWC & TNCSC Official Data",https://www.tn.gov.in/deptst/agriculture.htm,High
Tamil Nadu,Dindigul,Southern TN,10.3673,77.9803,Paddy/Rice,Cereal,Kharif (Kuruvai / Samba),2023,109150,463996,4251,4.25,52%,Cauvery Canal / Tanks,Red Loam & Black Soil,Vigai / Shanmuganadhi,Over-Exploited,29579,24579,49,3779,57937,Dindigul Regulated Market Yard (TNSAMB),2203,OBSERVED_DATA,"DES Tamil Nadu, TNWC & TNCSC Official Data",https://www.tn.gov.in/deptst/agriculture.htm,High
Tamil Nadu,Dindigul,Southern TN,10.3673,77.9803,Coconut,Oilseed/Fruit,Annual,2023,48750,520747,10682,10.68,52%,Groundwater / Rainfed,Red Loam & Black Soil,Vigai / Shanmuganadhi,Over-Exploited,29579,24579,49,3779,57937,Dindigul Regulated Market Yard (TNSAMB),3200,OBSERVED_DATA,"DES Tamil Nadu, TNWC & TNCSC Official Data",https://www.tn.gov.in/deptst/agriculture.htm,High
Tamil Nadu,Dindigul,Southern TN,10.3673,77.9803,Groundnut,Oilseed,Kharif / Rabi,2023,6300,15107,2398,2.4,52%,Rainfed / GW,Red Loam & Black Soil,Vigai / Shanmuganadhi,Over-Exploited,29579,24579,49,3779,57937,Dindigul Regulated Market Yard (TNSAMB),3200,OBSERVED_DATA,"DES Tamil Nadu, TNWC & TNCSC Official Data",https://www.tn.gov.in/deptst/agriculture.htm,High
Tamil Nadu,Dindigul,Southern TN,10.3673,77.9803,Small Millets/Ragi,Cereal,Kharif,2023,4650,8109,1744,1.74,52%,Rainfed,Red Loam & Black Soil,Vigai / Shanmuganadhi,Over-Exploited,29579,24579,49,3779,57937,Dindigul Regulated Market Yard (TNSAMB),3200,OBSERVED_DATA,"DES Tamil Nadu, TNWC & TNCSC Official Data",https://www.tn.gov.in/deptst/agriculture.htm,High
Tamil Nadu,Theni,Southern TN,10.0104,77.4768,Banana,Fruit,Annual,2023,3330,139860,42000,42.0,68%,Canal / Drip,Red Loam & Black Soil,Vaigai,Safe,15310,22310,30,5510,43130,Theni Regulated Market Yard (TNSAMB),3200,OBSERVED_DATA,"DES Tamil Nadu, TNWC & TNCSC Official Data",https://www.tn.gov.in/deptst/agriculture.htm,High
Tamil Nadu,Theni,Southern TN,10.0104,77.4768,Paddy/Rice,Cereal,Kharif (Kuruvai / Samba),2023,61049,238091,3900,3.9,68%,Cauvery Canal / Tanks,Red Loam & Black Soil,Vaigai,Safe,15310,22310,30,5510,43130,Theni Regulated Market Yard (TNSAMB),2203,OBSERVED_DATA,"DES Tamil Nadu, TNWC & TNCSC Official Data",https://www.tn.gov.in/deptst/agriculture.htm,High
Tamil Nadu,Theni,Southern TN,10.0104,77.4768,Spices / Chillies,Spice,Kharif,2023,2185,4370,2000,2.0,68%,Groundwater / Rainfed,Red Loam & Black Soil,Vaigai,Safe,15310,22310,30,5510,43130,Theni Regulated Market Yard (TNSAMB),3200,OBSERVED_DATA,"DES Tamil Nadu, TNWC & TNCSC Official Data",https://www.tn.gov.in/deptst/agriculture.htm,High
Tamil Nadu,Theni,Southern TN,10.0104,77.4768,Groundnut,Oilseed,Kharif / Rabi,2023,12250,26950,2200,2.2,68%,Rainfed / GW,Red Loam & Black Soil,Vaigai,Safe,15310,22310,30,5510,43130,Theni Regulated Market Yard (TNSAMB),3200,OBSERVED_DATA,"DES Tamil Nadu, TNWC & TNCSC Official Data",https://www.tn.gov.in/deptst/agriculture.htm,High
Tamil Nadu,Madurai,Southern TN,9.9252,78.1198,Paddy/Rice,Cereal,Kharif (Kuruvai / Samba),2023,101750,396825,3900,3.9,74%,Cauvery Canal / Tanks,Red Loam & Black Cotton Soil,Vaigai,Semi-Critical,57230,32230,50,4530,93990,Madurai Regulated Market Yard (TNSAMB),2203,OBSERVED_DATA,"DES Tamil Nadu, TNWC & TNCSC Official Data",https://www.tn.gov.in/deptst/agriculture.htm,High
Tamil Nadu,Madurai,Southern TN,9.9252,78.1198,Coconut,Oilseed/Fruit,Annual,2023,44200,433160,9800,9.8,74%,Groundwater / Rainfed,Red Loam & Black Cotton Soil,Vaigai,Semi-Critical,57230,32230,50,4530,93990,Madurai Regulated Market Yard (TNSAMB),3200,OBSERVED_DATA,"DES Tamil Nadu, TNWC & TNCSC Official Data",https://www.tn.gov.in/deptst/agriculture.htm,High
Tamil Nadu,Madurai,Southern TN,9.9252,78.1198,Groundnut,Oilseed,Kharif / Rabi,2023,22400,49280,2200,2.2,74%,Rainfed / GW,Red Loam & Black Cotton Soil,Vaigai,Semi-Critical,57230,32230,50,4530,93990,Madurai Regulated Market Yard (TNSAMB),3200,OBSERVED_DATA,"DES Tamil Nadu, TNWC & TNCSC Official Data",https://www.tn.gov.in/deptst/agriculture.htm,High
Tamil Nadu,Madurai,Southern TN,9.9252,78.1198,Small Millets/Ragi,Cereal,Kharif,2023,9450,15120,1600,1.6,74%,Rainfed,Red Loam & Black Cotton Soil,Vaigai,Semi-Critical,57230,32230,50,4530,93990,Madurai Regulated Market Yard (TNSAMB),3200,OBSERVED_DATA,"DES Tamil Nadu, TNWC & TNCSC Official Data",https://www.tn.gov.in/deptst/agriculture.htm,High
Tamil Nadu,Sivaganga,Southern TN,9.8433,78.4833,Paddy/Rice,Cereal,Kharif (Kuruvai / Samba),2023,175750,644299,3666,3.67,46%,Cauvery Canal / Tanks,Red Sandy & Laterite Soil,Vaigai,Safe,23504,25504,59,1004,50012,Sivaganga Regulated Market Yard (TNSAMB),2203,OBSERVED_DATA,"DES Tamil Nadu, TNWC & TNCSC Official Data",https://www.tn.gov.in/deptst/agriculture.htm,High
Tamil Nadu,Sivaganga,Southern TN,9.8433,78.4833,Coconut,Oilseed/Fruit,Annual,2023,50050,461060,9212,9.21,46%,Groundwater / Rainfed,Red Sandy & Laterite Soil,Vaigai,Safe,23504,25504,59,1004,50012,Sivaganga Regulated Market Yard (TNSAMB),3200,OBSERVED_DATA,"DES Tamil Nadu, TNWC & TNCSC Official Data",https://www.tn.gov.in/deptst/agriculture.htm,High
Tamil Nadu,Sivaganga,Southern TN,9.8433,78.4833,Groundnut,Oilseed,Kharif / Rabi,2023,11200,23161,2068,2.07,46%,Rainfed / GW,Red Sandy & Laterite Soil,Vaigai,Safe,23504,25504,59,1004,50012,Sivaganga Regulated Market Yard (TNSAMB),3200,OBSERVED_DATA,"DES Tamil Nadu, TNWC & TNCSC Official Data",https://www.tn.gov.in/deptst/agriculture.htm,High
Tamil Nadu,Sivaganga,Southern TN,9.8433,78.4833,Small Millets/Ragi,Cereal,Kharif,2023,5700,8572,1504,1.5,46%,Rainfed,Red Sandy & Laterite Soil,Vaigai,Safe,23504,25504,59,1004,50012,Sivaganga Regulated Market Yard (TNSAMB),3200,OBSERVED_DATA,"DES Tamil Nadu, TNWC & TNCSC Official Data",https://www.tn.gov.in/deptst/agriculture.htm,High
Tamil Nadu,Ramanathapuram,Southern Coastal,9.38,78.83,Paddy/Rice,Cereal,Kharif (Kuruvai / Samba),2023,57350,228138,3978,3.98,38%,Cauvery Canal / Tanks,Saline Coastal & Sandy Soil,Vaigai / Gundar,Saline,19932,12932,32,832,33696,Ramanathapuram Regulated Market Yard (TNSAMB),2203,OBSERVED_DATA,"DES Tamil Nadu, TNWC & TNCSC Official Data",https://www.tn.gov.in/deptst/agriculture.htm,High
Tamil Nadu,Ramanathapuram,Southern Coastal,9.38,78.83,Coconut,Oilseed/Fruit,Annual,2023,51350,513294,9996,10.0,38%,Groundwater / Rainfed,Saline Coastal & Sandy Soil,Vaigai / Gundar,Saline,19932,12932,32,832,33696,Ramanathapuram Regulated Market Yard (TNSAMB),3200,OBSERVED_DATA,"DES Tamil Nadu, TNWC & TNCSC Official Data",https://www.tn.gov.in/deptst/agriculture.htm,High
Tamil Nadu,Ramanathapuram,Southern Coastal,9.38,78.83,Groundnut,Oilseed,Kharif / Rabi,2023,11899,26701,2244,2.24,38%,Rainfed / GW,Saline Coastal & Sandy Soil,Vaigai / Gundar,Saline,19932,12932,32,832,33696,Ramanathapuram Regulated Market Yard (TNSAMB),3200,OBSERVED_DATA,"DES Tamil Nadu, TNWC & TNCSC Official Data",https://www.tn.gov.in/deptst/agriculture.htm,High
Tamil Nadu,Ramanathapuram,Southern Coastal,9.38,78.83,Small Millets/Ragi,Cereal,Kharif,2023,11850,19339,1632,1.63,38%,Rainfed,Saline Coastal & Sandy Soil,Vaigai / Gundar,Saline,19932,12932,32,832,33696,Ramanathapuram Regulated Market Yard (TNSAMB),3200,OBSERVED_DATA,"DES Tamil Nadu, TNWC & TNCSC Official Data",https://www.tn.gov.in/deptst/agriculture.htm,High
Tamil Nadu,Virudhunagar,Southern TN,9.58,77.96,Maize,Cereal,Kharif / Rabi,2023,12500,51750,4140,4.14,42%,Groundwater,Black Cotton Soil,Gundar / Vaippar,Critical,23502,13502,32,602,37606,Virudhunagar Regulated Market Yard (TNSAMB),1850,OBSERVED_DATA,"DES Tamil Nadu, TNWC & TNCSC Official Data",https://www.tn.gov.in/deptst/agriculture.htm,High
Tamil Nadu,Virudhunagar,Southern TN,9.58,77.96,Onion (Shallots),Vegetable,Kharif / Rabi,2023,1650,18216,11040,11.04,42%,Well Irrigation,Black Cotton Soil,Gundar / Vaippar,Critical,23502,13502,32,602,37606,Virudhunagar Regulated Market Yard (TNSAMB),4400,OBSERVED_DATA,"DES Tamil Nadu, TNWC & TNCSC Official Data",https://www.tn.gov.in/deptst/agriculture.htm,High
Tamil Nadu,Virudhunagar,Southern TN,9.58,77.96,Cotton,Fiber,Kharif,2023,11480,7393,644,0.64,42%,Rainfed / GW,Black Cotton Soil,Gundar / Vaippar,Critical,23502,13502,32,602,37606,Virudhunagar Regulated Market Yard (TNSAMB),3200,OBSERVED_DATA,"DES Tamil Nadu, TNWC & TNCSC Official Data",https://www.tn.gov.in/deptst/agriculture.htm,High
Tamil Nadu,Virudhunagar,Southern TN,9.58,77.96,Groundnut,Oilseed,Kharif / Rabi,2023,9100,18418,2024,2.02,42%,Rainfed / GW,Black Cotton Soil,Gundar / Vaippar,Critical,23502,13502,32,602,37606,Virudhunagar Regulated Market Yard (TNSAMB),3200,OBSERVED_DATA,"DES Tamil Nadu, TNWC & TNCSC Official Data",https://www.tn.gov.in/deptst/agriculture.htm,High
Tamil Nadu,Tirunelveli,Far South,8.7139,77.7567,Paddy/Rice,Cereal,Kharif (Kuruvai / Samba),2023,114700,487589,4251,4.25,72%,Cauvery Canal / Tanks,Red Sandy & Alluvial Soil,Thamirabarani,Safe,15839,20839,34,339,37017,Tirunelveli Regulated Market Yard (TNSAMB),2203,OBSERVED_DATA,"DES Tamil Nadu, TNWC & TNCSC Official Data",https://www.tn.gov.in/deptst/agriculture.htm,High
Tamil Nadu,Tirunelveli,Far South,8.7139,77.7567,Coconut,Oilseed/Fruit,Annual,2023,52000,555464,10682,10.68,72%,Groundwater / Rainfed,Red Sandy & Alluvial Soil,Thamirabarani,Safe,15839,20839,34,339,37017,Tirunelveli Regulated Market Yard (TNSAMB),3200,OBSERVED_DATA,"DES Tamil Nadu, TNWC & TNCSC Official Data",https://www.tn.gov.in/deptst/agriculture.htm,High
Tamil Nadu,Tirunelveli,Far South,8.7139,77.7567,Groundnut,Oilseed,Kharif / Rabi,2023,7000,16786,2398,2.4,72%,Rainfed / GW,Red Sandy & Alluvial Soil,Thamirabarani,Safe,15839,20839,34,339,37017,Tirunelveli Regulated Market Yard (TNSAMB),3200,OBSERVED_DATA,"DES Tamil Nadu, TNWC & TNCSC Official Data",https://www.tn.gov.in/deptst/agriculture.htm,High
Tamil Nadu,Tirunelveli,Far South,8.7139,77.7567,Small Millets/Ragi,Cereal,Kharif,2023,4800,8371,1744,1.74,72%,Rainfed,Red Sandy & Alluvial Soil,Thamirabarani,Safe,15839,20839,34,339,37017,Tirunelveli Regulated Market Yard (TNSAMB),3200,OBSERVED_DATA,"DES Tamil Nadu, TNWC & TNCSC Official Data",https://www.tn.gov.in/deptst/agriculture.htm,High
Tamil Nadu,Tenkasi,Far South,8.9592,77.3129,Paddy/Rice,Cereal,Kharif (Kuruvai / Samba),2023,116550,454545,3900,3.9,68%,Cauvery Canal / Tanks,Red Loam & Black Soil,Chittar / Thamirabarani,Safe,13430,15430,50,930,29790,Tenkasi Regulated Market Yard (TNSAMB),2203,OBSERVED_DATA,"DES Tamil Nadu, TNWC & TNCSC Official Data",https://www.tn.gov.in/deptst/agriculture.htm,High
Tamil Nadu,Tenkasi,Far South,8.9592,77.3129,Coconut,Oilseed/Fruit,Annual,2023,33150,324870,9800,9.8,68%,Groundwater / Rainfed,Red Loam & Black Soil,Chittar / Thamirabarani,Safe,13430,15430,50,930,29790,Tenkasi Regulated Market Yard (TNSAMB),3200,OBSERVED_DATA,"DES Tamil Nadu, TNWC & TNCSC Official Data",https://www.tn.gov.in/deptst/agriculture.htm,High
Tamil Nadu,Tenkasi,Far South,8.9592,77.3129,Groundnut,Oilseed,Kharif / Rabi,2023,24850,54670,2200,2.2,68%,Rainfed / GW,Red Loam & Black Soil,Chittar / Thamirabarani,Safe,13430,15430,50,930,29790,Tenkasi Regulated Market Yard (TNSAMB),3200,OBSERVED_DATA,"DES Tamil Nadu, TNWC & TNCSC Official Data",https://www.tn.gov.in/deptst/agriculture.htm,High
Tamil Nadu,Tenkasi,Far South,8.9592,77.3129,Small Millets/Ragi,Cereal,Kharif,2023,3900,6240,1600,1.6,68%,Rainfed,Red Loam & Black Soil,Chittar / Thamirabarani,Safe,13430,15430,50,930,29790,Tenkasi Regulated Market Yard (TNSAMB),3200,OBSERVED_DATA,"DES Tamil Nadu, TNWC & TNCSC Official Data",https://www.tn.gov.in/deptst/agriculture.htm,High
Tamil Nadu,Thoothukudi,Southern Coastal,8.7642,78.1348,Banana,Fruit,Annual,2023,7215,293939,40740,40.74,45%,Canal / Drip,Black Cotton & Coastal Sandy,Thamirabarani,Semi-Critical,16507,24507,42,407,41421,Thoothukudi Regulated Market Yard (TNSAMB),3200,OBSERVED_DATA,"DES Tamil Nadu, TNWC & TNCSC Official Data",https://www.tn.gov.in/deptst/agriculture.htm,High
Tamil Nadu,Thoothukudi,Southern Coastal,8.7642,78.1348,Paddy/Rice,Cereal,Kharif (Kuruvai / Samba),2023,86950,328931,3783,3.78,45%,Cauvery Canal / Tanks,Black Cotton & Coastal Sandy,Thamirabarani,Semi-Critical,16507,24507,42,407,41421,Thoothukudi Regulated Market Yard (TNSAMB),2203,OBSERVED_DATA,"DES Tamil Nadu, TNWC & TNCSC Official Data",https://www.tn.gov.in/deptst/agriculture.htm,High
Tamil Nadu,Thoothukudi,Southern Coastal,8.7642,78.1348,Spices / Chillies,Spice,Kharif,2023,4940,9583,1940,1.94,45%,Groundwater / Rainfed,Black Cotton & Coastal Sandy,Thamirabarani,Semi-Critical,16507,24507,42,407,41421,Thoothukudi Regulated Market Yard (TNSAMB),3200,OBSERVED_DATA,"DES Tamil Nadu, TNWC & TNCSC Official Data",https://www.tn.gov.in/deptst/agriculture.htm,High
Tamil Nadu,Thoothukudi,Southern Coastal,8.7642,78.1348,Groundnut,Oilseed,Kharif / Rabi,2023,18200,38838,2134,2.13,45%,Rainfed / GW,Black Cotton & Coastal Sandy,Thamirabarani,Semi-Critical,16507,24507,42,407,41421,Thoothukudi Regulated Market Yard (TNSAMB),3200,OBSERVED_DATA,"DES Tamil Nadu, TNWC & TNCSC Official Data",https://www.tn.gov.in/deptst/agriculture.htm,High
Tamil Nadu,Kanyakumari,Far South Coastal,8.0883,77.5385,Paddy/Rice,Cereal,Kharif (Kuruvai / Samba),2023,168350,676261,4017,4.02,84%,Cauvery Canal / Tanks,Laterite & Coastal Alluvium,Kothaiyaru / Pazhayaru,Safe,16733,21733,53,833,39299,Kanyakumari Regulated Market Yard (TNSAMB),2203,OBSERVED_DATA,"DES Tamil Nadu, TNWC & TNCSC Official Data",https://www.tn.gov.in/deptst/agriculture.htm,High
Tamil Nadu,Kanyakumari,Far South Coastal,8.0883,77.5385,Coconut,Oilseed/Fruit,Annual,2023,61100,616743,10094,10.09,84%,Groundwater / Rainfed,Laterite & Coastal Alluvium,Kothaiyaru / Pazhayaru,Safe,16733,21733,53,833,39299,Kanyakumari Regulated Market Yard (TNSAMB),3200,OBSERVED_DATA,"DES Tamil Nadu, TNWC & TNCSC Official Data",https://www.tn.gov.in/deptst/agriculture.htm,High
Tamil Nadu,Kanyakumari,Far South Coastal,8.0883,77.5385,Groundnut,Oilseed,Kharif / Rabi,2023,17150,38861,2266,2.27,84%,Rainfed / GW,Laterite & Coastal Alluvium,Kothaiyaru / Pazhayaru,Safe,16733,21733,53,833,39299,Kanyakumari Regulated Market Yard (TNSAMB),3200,OBSERVED_DATA,"DES Tamil Nadu, TNWC & TNCSC Official Data",https://www.tn.gov.in/deptst/agriculture.htm,High
Tamil Nadu,Kanyakumari,Far South Coastal,8.0883,77.5385,Small Millets/Ragi,Cereal,Kharif,2023,3150,5191,1648,1.65,84%,Rainfed,Laterite & Coastal Alluvium,Kothaiyaru / Pazhayaru,Safe,16733,21733,53,833,39299,Kanyakumari Regulated Market Yard (TNSAMB),3200,OBSERVED_DATA,"DES Tamil Nadu, TNWC & TNCSC Official Data",https://www.tn.gov.in/deptst/agriculture.htm,High
