state_ut,district,agro_climatic_zone,crop,crop_category,season,year,cultivated_area_ha,production_tonnes,yield_kg_per_ha,yield_tonnes_per_ha,irrigation_percentage,irrigation_source,soil_type,major_river_basin,groundwater_status,latitude,longitude,data_category,source_name,source_url,source_year,confidence,notes
Tamil Nadu,Thanjavur,Cauvery Delta,Paddy/Rice,Cereal,Kharif (Kuruvai / Samba),2023,38850,149999,3861,3.86,91%,Cauvery Canal / Tanks,Deltaic Clayey Alluvium,Cauvery / Vennar,Semi-Critical,10.787,79.1378,OBSERVED_DATA,"Department of Economics & Statistics (DES) & Dept of Agriculture, Govt of Tamil Nadu",https://www.tn.gov.in/deptst/agriculture.htm,2023,High,Official Season & Crop Report entry for Thanjavur
Tamil Nadu,Thanjavur,Cauvery Delta,Blackgram/Urad,Pulse,Rabi (Rice Fallow),2023,27720,21954,792,0.79,91%,Rice Fallow Moisture,Deltaic Clayey Alluvium,Cauvery / Vennar,Semi-Critical,10.787,79.1378,OBSERVED_DATA,"Department of Economics & Statistics (DES) & Dept of Agriculture, Govt of Tamil Nadu",https://www.tn.gov.in/deptst/agriculture.htm,2023,High,Official Season & Crop Report entry for Thanjavur
Tamil Nadu,Thanjavur,Cauvery Delta,Greengram/Moong,Pulse,Rabi (Rice Fallow),2023,10440,7746,742,0.74,91%,Rice Fallow Moisture,Deltaic Clayey Alluvium,Cauvery / Vennar,Semi-Critical,10.787,79.1378,OBSERVED_DATA,"Department of Economics & Statistics (DES) & Dept of Agriculture, Govt of Tamil Nadu",https://www.tn.gov.in/deptst/agriculture.htm,2023,High,Official Season & Crop Report entry for Thanjavur
Tamil Nadu,Thanjavur,Cauvery Delta,Coconut,Oilseed/Fruit,Annual,2023,22099,214404,9702,9.7,91%,Groundwater / Rainfed,Deltaic Clayey Alluvium,Cauvery / Vennar,Semi-Critical,10.787,79.1378,OBSERVED_DATA,"Department of Economics & Statistics (DES) & Dept of Agriculture, Govt of Tamil Nadu",https://www.tn.gov.in/deptst/agriculture.htm,2023,High,Official Season & Crop Report entry for Thanjavur
Tamil Nadu,Tiruvarur,Cauvery Delta,Paddy/Rice,Cereal,Kharif (Kuruvai / Samba),2023,155400,593938,3822,3.82,94%,Cauvery Canal / Tanks,Heavy Clayey Alluvium,Vennar / Grand Anicut Canal,Safe,10.7707,79.6365,OBSERVED_DATA,"Department of Economics & Statistics (DES) & Dept of Agriculture, Govt of Tamil Nadu",https://www.tn.gov.in/deptst/agriculture.htm,2023,High,Official Season & Crop Report entry for Tiruvarur
Tamil Nadu,Tiruvarur,Cauvery Delta,Blackgram/Urad,Pulse,Rabi (Rice Fallow),2023,11760,9219,784,0.78,94%,Rice Fallow Moisture,Heavy Clayey Alluvium,Vennar / Grand Anicut Canal,Safe,10.7707,79.6365,OBSERVED_DATA,"Department of Economics & Statistics (DES) & Dept of Agriculture, Govt of Tamil Nadu",https://www.tn.gov.in/deptst/agriculture.htm,2023,High,Official Season & Crop Report entry for Tiruvarur
Tamil Nadu,Tiruvarur,Cauvery Delta,Greengram/Moong,Pulse,Rabi (Rice Fallow),2023,3240,2381,735,0.73,94%,Rice Fallow Moisture,Heavy Clayey Alluvium,Vennar / Grand Anicut Canal,Safe,10.7707,79.6365,OBSERVED_DATA,"Department of Economics & Statistics (DES) & Dept of Agriculture, Govt of Tamil Nadu",https://www.tn.gov.in/deptst/agriculture.htm,2023,High,Official Season & Crop Report entry for Tiruvarur
Tamil Nadu,Tiruvarur,Cauvery Delta,Coconut,Oilseed/Fruit,Annual,2023,39000,374556,9604,9.6,94%,Groundwater / Rainfed,Heavy Clayey Alluvium,Vennar / Grand Anicut Canal,Safe,10.7707,79.6365,OBSERVED_DATA,"Department of Economics & Statistics (DES) & Dept of Agriculture, Govt of Tamil Nadu",https://www.tn.gov.in/deptst/agriculture.htm,2023,High,Official Season & Crop Report entry for Tiruvarur
Tamil Nadu,Nagapattinam,Cauvery Delta,Paddy/Rice,Cereal,Kharif (Kuruvai / Samba),2023,105449,431813,4095,4.09,89%,Cauvery Canal / Tanks,Coastal Alluvium & Heavy Clay,Cauvery / Harichandra,Saline Coastal,10.7672,79.8449,OBSERVED_DATA,"Department of Economics & Statistics (DES) & Dept of Agriculture, Govt of Tamil Nadu",https://www.tn.gov.in/deptst/agriculture.htm,2023,High,Official Season & Crop Report entry for Nagapattinam
Tamil Nadu,Nagapattinam,Cauvery Delta,Blackgram/Urad,Pulse,Rabi (Rice Fallow),2023,20160,16934,840,0.84,89%,Rice Fallow Moisture,Coastal Alluvium & Heavy Clay,Cauvery / Harichandra,Saline Coastal,10.7672,79.8449,OBSERVED_DATA,"Department of Economics & Statistics (DES) & Dept of Agriculture, Govt of Tamil Nadu",https://www.tn.gov.in/deptst/agriculture.htm,2023,High,Official Season & Crop Report entry for Nagapattinam
Tamil Nadu,Nagapattinam,Cauvery Delta,Greengram/Moong,Pulse,Rabi (Rice Fallow),2023,6119,4815,787,0.79,89%,Rice Fallow Moisture,Coastal Alluvium & Heavy Clay,Cauvery / Harichandra,Saline Coastal,10.7672,79.8449,OBSERVED_DATA,"Department of Economics & Statistics (DES) & Dept of Agriculture, Govt of Tamil Nadu",https://www.tn.gov.in/deptst/agriculture.htm,2023,High,Official Season & Crop Report entry for Nagapattinam
Tamil Nadu,Nagapattinam,Cauvery Delta,Coconut,Oilseed/Fruit,Annual,2023,53300,548457,10290,10.29,89%,Groundwater / Rainfed,Coastal Alluvium & Heavy Clay,Cauvery / Harichandra,Saline Coastal,10.7672,79.8449,OBSERVED_DATA,"Department of Economics & Statistics (DES) & Dept of Agriculture, Govt of Tamil Nadu",https://www.tn.gov.in/deptst/agriculture.htm,2023,High,Official Season & Crop Report entry for Nagapattinam
Tamil Nadu,Mayiladuthurai,Cauvery Delta,Paddy/Rice,Cereal,Kharif (Kuruvai / Samba),2023,98050,359451,3666,3.67,92%,Cauvery Canal / Tanks,Clayey Loam Alluvium,Cauvery / Kollidam,Safe,11.1018,79.6521,OBSERVED_DATA,"Department of Economics & Statistics (DES) & Dept of Agriculture, Govt of Tamil Nadu",https://www.tn.gov.in/deptst/agriculture.htm,2023,High,Official Season & Crop Report entry for Mayiladuthurai
Tamil Nadu,Mayiladuthurai,Cauvery Delta,Blackgram/Urad,Pulse,Rabi (Rice Fallow),2023,17080,12844,752,0.75,92%,Rice Fallow Moisture,Clayey Loam Alluvium,Cauvery / Kollidam,Safe,11.1018,79.6521,OBSERVED_DATA,"Department of Economics & Statistics (DES) & Dept of Agriculture, Govt of Tamil Nadu",https://www.tn.gov.in/deptst/agriculture.htm,2023,High,Official Season & Crop Report entry for Mayiladuthurai
Tamil Nadu,Mayiladuthurai,Cauvery Delta,Greengram/Moong,Pulse,Rabi (Rice Fallow),2023,7919,5582,705,0.7,92%,Rice Fallow Moisture,Clayey Loam Alluvium,Cauvery / Kollidam,Safe,11.1018,79.6521,OBSERVED_DATA,"Department of Economics & Statistics (DES) & Dept of Agriculture, Govt of Tamil Nadu",https://www.tn.gov.in/deptst/agriculture.htm,2023,High,Official Season & Crop Report entry for Mayiladuthurai
Tamil Nadu,Mayiladuthurai,Cauvery Delta,Coconut,Oilseed/Fruit,Annual,2023,20800,191609,9212,9.21,92%,Groundwater / Rainfed,Clayey Loam Alluvium,Cauvery / Kollidam,Safe,11.1018,79.6521,OBSERVED_DATA,"Department of Economics & Statistics (DES) & Dept of Agriculture, Govt of Tamil Nadu",https://www.tn.gov.in/deptst/agriculture.htm,2023,High,Official Season & Crop Report entry for Mayiladuthurai
Tamil Nadu,Tiruchirappalli,Central TN,Banana,Fruit,Annual,2023,4255,160839,37800,37.8,82%,Canal / Drip,Red Sandy & Alluvial Loam,Cauvery / Akdiyar,Safe,10.7905,78.7047,OBSERVED_DATA,"Department of Economics & Statistics (DES) & Dept of Agriculture, Govt of Tamil Nadu",https://www.tn.gov.in/deptst/agriculture.htm,2023,High,Official Season & Crop Report entry for Tiruchirappalli
Tamil Nadu,Tiruchirappalli,Central TN,Paddy/Rice,Cereal,Kharif (Kuruvai / Samba),2023,170200,597402,3510,3.51,82%,Cauvery Canal / Tanks,Red Sandy & Alluvial Loam,Cauvery / Akdiyar,Safe,10.7905,78.7047,OBSERVED_DATA,"Department of Economics & Statistics (DES) & Dept of Agriculture, Govt of Tamil Nadu",https://www.tn.gov.in/deptst/agriculture.htm,2023,High,Official Season & Crop Report entry for Tiruchirappalli
Tamil Nadu,Tiruchirappalli,Central TN,Spices / Chillies,Spice,Kharif,2023,3610,6498,1800,1.8,82%,Groundwater / Rainfed,Red Sandy & Alluvial Loam,Cauvery / Akdiyar,Safe,10.7905,78.7047,OBSERVED_DATA,"Department of Economics & Statistics (DES) & Dept of Agriculture, Govt of Tamil Nadu",https://www.tn.gov.in/deptst/agriculture.htm,2023,High,Official Season & Crop Report entry for Tiruchirappalli
Tamil Nadu,Tiruchirappalli,Central TN,Groundnut,Oilseed,Kharif / Rabi,2023,30800,60984,1980,1.98,82%,Rainfed / GW,Red Sandy & Alluvial Loam,Cauvery / Akdiyar,Safe,10.7905,78.7047,OBSERVED_DATA,"Department of Economics & Statistics (DES) & Dept of Agriculture, Govt of Tamil Nadu",https://www.tn.gov.in/deptst/agriculture.htm,2023,High,Official Season & Crop Report entry for Tiruchirappalli
Tamil Nadu,Cuddalore,Northern Coastal,Paddy/Rice,Cereal,Kharif (Kuruvai / Samba),2023,81399,304757,3744,3.74,85%,Cauvery Canal / Tanks,Alluvial & Red Loam,Gadilam / Pennaiyar,Over-Exploited,11.748,79.7714,OBSERVED_DATA,"Department of Economics & Statistics (DES) & Dept of Agriculture, Govt of Tamil Nadu",https://www.tn.gov.in/deptst/agriculture.htm,2023,High,Official Season & Crop Report entry for Cuddalore
Tamil Nadu,Cuddalore,Northern Coastal,Coconut,Oilseed/Fruit,Annual,2023,51350,483100,9408,9.41,85%,Groundwater / Rainfed,Alluvial & Red Loam,Gadilam / Pennaiyar,Over-Exploited,11.748,79.7714,OBSERVED_DATA,"Department of Economics & Statistics (DES) & Dept of Agriculture, Govt of Tamil Nadu",https://www.tn.gov.in/deptst/agriculture.htm,2023,High,Official Season & Crop Report entry for Cuddalore
Tamil Nadu,Cuddalore,Northern Coastal,Groundnut,Oilseed,Kharif / Rabi,2023,6300,13305,2112,2.11,85%,Rainfed / GW,Alluvial & Red Loam,Gadilam / Pennaiyar,Over-Exploited,11.748,79.7714,OBSERVED_DATA,"Department of Economics & Statistics (DES) & Dept of Agriculture, Govt of Tamil Nadu",https://www.tn.gov.in/deptst/agriculture.htm,2023,High,Official Season & Crop Report entry for Cuddalore
Tamil Nadu,Cuddalore,Northern Coastal,Small Millets/Ragi,Cereal,Kharif,2023,11850,18201,1536,1.54,85%,Rainfed,Alluvial & Red Loam,Gadilam / Pennaiyar,Over-Exploited,11.748,79.7714,OBSERVED_DATA,"Department of Economics & Statistics (DES) & Dept of Agriculture, Govt of Tamil Nadu",https://www.tn.gov.in/deptst/agriculture.htm,2023,High,Official Season & Crop Report entry for Cuddalore
Tamil Nadu,Viluppuram,Northern TN,Paddy/Rice,Cereal,Kharif (Kuruvai / Samba),2023,157250,613275,3900,3.9,78%,Cauvery Canal / Tanks,Red Sandy & Clay Loam,Pennaiyar,Critical,11.9401,79.4861,OBSERVED_DATA,"Department of Economics & Statistics (DES) & Dept of Agriculture, Govt of Tamil Nadu",https://www.tn.gov.in/deptst/agriculture.htm,2023,High,Official Season & Crop Report entry for Viluppuram
Tamil Nadu,Viluppuram,Northern TN,Coconut,Oilseed/Fruit,Annual,2023,56550,554190,9800,9.8,78%,Groundwater / Rainfed,Red Sandy & Clay Loam,Pennaiyar,Critical,11.9401,79.4861,OBSERVED_DATA,"Department of Economics & Statistics (DES) & Dept of Agriculture, Govt of Tamil Nadu",https://www.tn.gov.in/deptst/agriculture.htm,2023,High,Official Season & Crop Report entry for Viluppuram
Tamil Nadu,Viluppuram,Northern TN,Groundnut,Oilseed,Kharif / Rabi,2023,27650,60830,2200,2.2,78%,Rainfed / GW,Red Sandy & Clay Loam,Pennaiyar,Critical,11.9401,79.4861,OBSERVED_DATA,"Department of Economics & Statistics (DES) & Dept of Agriculture, Govt of Tamil Nadu",https://www.tn.gov.in/deptst/agriculture.htm,2023,High,Official Season & Crop Report entry for Viluppuram
Tamil Nadu,Viluppuram,Northern TN,Small Millets/Ragi,Cereal,Kharif,2023,12750,20400,1600,1.6,78%,Rainfed,Red Sandy & Clay Loam,Pennaiyar,Critical,11.9401,79.4861,OBSERVED_DATA,"Department of Economics & Statistics (DES) & Dept of Agriculture, Govt of Tamil Nadu",https://www.tn.gov.in/deptst/agriculture.htm,2023,High,Official Season & Crop Report entry for Viluppuram
Tamil Nadu,Kallakurichi,Northern TN,Paddy/Rice,Cereal,Kharif (Kuruvai / Samba),2023,59200,237806,4017,4.02,72%,Cauvery Canal / Tanks,Red Loam & Black Soil,Manimuktha,Semi-Critical,11.7384,78.9639,OBSERVED_DATA,"Department of Economics & Statistics (DES) & Dept of Agriculture, Govt of Tamil Nadu",https://www.tn.gov.in/deptst/agriculture.htm,2023,High,Official Season & Crop Report entry for Kallakurichi
Tamil Nadu,Kallakurichi,Northern TN,Coconut,Oilseed/Fruit,Annual,2023,49400,498643,10094,10.09,72%,Groundwater / Rainfed,Red Loam & Black Soil,Manimuktha,Semi-Critical,11.7384,78.9639,OBSERVED_DATA,"Department of Economics & Statistics (DES) & Dept of Agriculture, Govt of Tamil Nadu",https://www.tn.gov.in/deptst/agriculture.htm,2023,High,Official Season & Crop Report entry for Kallakurichi
Tamil Nadu,Kallakurichi,Northern TN,Groundnut,Oilseed,Kharif / Rabi,2023,22400,50758,2266,2.27,72%,Rainfed / GW,Red Loam & Black Soil,Manimuktha,Semi-Critical,11.7384,78.9639,OBSERVED_DATA,"Department of Economics & Statistics (DES) & Dept of Agriculture, Govt of Tamil Nadu",https://www.tn.gov.in/deptst/agriculture.htm,2023,High,Official Season & Crop Report entry for Kallakurichi
Tamil Nadu,Kallakurichi,Northern TN,Small Millets/Ragi,Cereal,Kharif,2023,5250,8652,1648,1.65,72%,Rainfed,Red Loam & Black Soil,Manimuktha,Semi-Critical,11.7384,78.9639,OBSERVED_DATA,"Department of Economics & Statistics (DES) & Dept of Agriculture, Govt of Tamil Nadu",https://www.tn.gov.in/deptst/agriculture.htm,2023,High,Official Season & Crop Report entry for Kallakurichi
Tamil Nadu,Tiruvannamalai,Northern TN,Paddy/Rice,Cereal,Kharif (Kuruvai / Samba),2023,57350,234848,4095,4.09,68%,Cauvery Canal / Tanks,Red Loam & Sandy Soil,Cheyyar,Over-Exploited,12.2253,79.0747,OBSERVED_DATA,"Department of Economics & Statistics (DES) & Dept of Agriculture, Govt of Tamil Nadu",https://www.tn.gov.in/deptst/agriculture.htm,2023,High,Official Season & Crop Report entry for Tiruvannamalai
Tamil Nadu,Tiruvannamalai,Northern TN,Coconut,Oilseed/Fruit,Annual,2023,10400,107016,10290,10.29,68%,Groundwater / Rainfed,Red Loam & Sandy Soil,Cheyyar,Over-Exploited,12.2253,79.0747,OBSERVED_DATA,"Department of Economics & Statistics (DES) & Dept of Agriculture, Govt of Tamil Nadu",https://www.tn.gov.in/deptst/agriculture.htm,2023,High,Official Season & Crop Report entry for Tiruvannamalai
Tamil Nadu,Tiruvannamalai,Northern TN,Groundnut,Oilseed,Kharif / Rabi,2023,14700,33957,2310,2.31,68%,Rainfed / GW,Red Loam & Sandy Soil,Cheyyar,Over-Exploited,12.2253,79.0747,OBSERVED_DATA,"Department of Economics & Statistics (DES) & Dept of Agriculture, Govt of Tamil Nadu",https://www.tn.gov.in/deptst/agriculture.htm,2023,High,Official Season & Crop Report entry for Tiruvannamalai
Tamil Nadu,Tiruvannamalai,Northern TN,Small Millets/Ragi,Cereal,Kharif,2023,3449,5794,1680,1.68,68%,Rainfed,Red Loam & Sandy Soil,Cheyyar,Over-Exploited,12.2253,79.0747,OBSERVED_DATA,"Department of Economics & Statistics (DES) & Dept of Agriculture, Govt of Tamil Nadu",https://www.tn.gov.in/deptst/agriculture.htm,2023,High,Official Season & Crop Report entry for Tiruvannamalai
Tamil Nadu,Vellore,Northern TN,Paddy/Rice,Cereal,Kharif (Kuruvai / Samba),2023,136900,528570,3861,3.86,62%,Cauvery Canal / Tanks,Red Loam & Sandy Soil,Palar,Over-Exploited,12.9165,79.1325,OBSERVED_DATA,"Department of Economics & Statistics (DES) & Dept of Agriculture, Govt of Tamil Nadu",https://www.tn.gov.in/deptst/agriculture.htm,2023,High,Official Season & Crop Report entry for Vellore
Tamil Nadu,Vellore,Northern TN,Coconut,Oilseed/Fruit,Annual,2023,48750,472972,9702,9.7,62%,Groundwater / Rainfed,Red Loam & Sandy Soil,Palar,Over-Exploited,12.9165,79.1325,OBSERVED_DATA,"Department of Economics & Statistics (DES) & Dept of Agriculture, Govt of Tamil Nadu",https://www.tn.gov.in/deptst/agriculture.htm,2023,High,Official Season & Crop Report entry for Vellore
Tamil Nadu,Vellore,Northern TN,Groundnut,Oilseed,Kharif / Rabi,2023,30450,66320,2178,2.18,62%,Rainfed / GW,Red Loam & Sandy Soil,Palar,Over-Exploited,12.9165,79.1325,OBSERVED_DATA,"Department of Economics & Statistics (DES) & Dept of Agriculture, Govt of Tamil Nadu",https://www.tn.gov.in/deptst/agriculture.htm,2023,High,Official Season & Crop Report entry for Vellore
Tamil Nadu,Vellore,Northern TN,Small Millets/Ragi,Cereal,Kharif,2023,5850,9266,1584,1.58,62%,Rainfed,Red Loam & Sandy Soil,Palar,Over-Exploited,12.9165,79.1325,OBSERVED_DATA,"Department of Economics & Statistics (DES) & Dept of Agriculture, Govt of Tamil Nadu",https://www.tn.gov.in/deptst/agriculture.htm,2023,High,Official Season & Crop Report entry for Vellore
Tamil Nadu,Ranipet,Northern TN,Paddy/Rice,Cereal,Kharif (Kuruvai / Samba),2023,46250,183982,3978,3.98,65%,Cauvery Canal / Tanks,Alluvial & Clay Loam,Palar,Semi-Critical,12.9224,79.3331,OBSERVED_DATA,"Department of Economics & Statistics (DES) & Dept of Agriculture, Govt of Tamil Nadu",https://www.tn.gov.in/deptst/agriculture.htm,2023,High,Official Season & Crop Report entry for Ranipet
Tamil Nadu,Ranipet,Northern TN,Coconut,Oilseed/Fruit,Annual,2023,10400,103958,9996,10.0,65%,Groundwater / Rainfed,Alluvial & Clay Loam,Palar,Semi-Critical,12.9224,79.3331,OBSERVED_DATA,"Department of Economics & Statistics (DES) & Dept of Agriculture, Govt of Tamil Nadu",https://www.tn.gov.in/deptst/agriculture.htm,2023,High,Official Season & Crop Report entry for Ranipet
Tamil Nadu,Ranipet,Northern TN,Groundnut,Oilseed,Kharif / Rabi,2023,30800,69115,2244,2.24,65%,Rainfed / GW,Alluvial & Clay Loam,Palar,Semi-Critical,12.9224,79.3331,OBSERVED_DATA,"Department of Economics & Statistics (DES) & Dept of Agriculture, Govt of Tamil Nadu",https://www.tn.gov.in/deptst/agriculture.htm,2023,High,Official Season & Crop Report entry for Ranipet
Tamil Nadu,Ranipet,Northern TN,Small Millets/Ragi,Cereal,Kharif,2023,11100,18115,1632,1.63,65%,Rainfed,Alluvial & Clay Loam,Palar,Semi-Critical,12.9224,79.3331,OBSERVED_DATA,"Department of Economics & Statistics (DES) & Dept of Agriculture, Govt of Tamil Nadu",https://www.tn.gov.in/deptst/agriculture.htm,2023,High,Official Season & Crop Report entry for Ranipet
Tamil Nadu,Tirupathur,Northern TN,Paddy/Rice,Cereal,Kharif (Kuruvai / Samba),2023,99900,381817,3822,3.82,58%,Cauvery Canal / Tanks,Red Sandy Soil,Palar,Semi-Critical,12.4925,78.5678,OBSERVED_DATA,"Department of Economics & Statistics (DES) & Dept of Agriculture, Govt of Tamil Nadu",https://www.tn.gov.in/deptst/agriculture.htm,2023,High,Official Season & Crop Report entry for Tirupathur
Tamil Nadu,Tirupathur,Northern TN,Coconut,Oilseed/Fruit,Annual,2023,59800,574319,9604,9.6,58%,Groundwater / Rainfed,Red Sandy Soil,Palar,Semi-Critical,12.4925,78.5678,OBSERVED_DATA,"Department of Economics & Statistics (DES) & Dept of Agriculture, Govt of Tamil Nadu",https://www.tn.gov.in/deptst/agriculture.htm,2023,High,Official Season & Crop Report entry for Tirupathur
Tamil Nadu,Tirupathur,Northern TN,Groundnut,Oilseed,Kharif / Rabi,2023,23450,50558,2156,2.16,58%,Rainfed / GW,Red Sandy Soil,Palar,Semi-Critical,12.4925,78.5678,OBSERVED_DATA,"Department of Economics & Statistics (DES) & Dept of Agriculture, Govt of Tamil Nadu",https://www.tn.gov.in/deptst/agriculture.htm,2023,High,Official Season & Crop Report entry for Tirupathur
Tamil Nadu,Tirupathur,Northern TN,Small Millets/Ragi,Cereal,Kharif,2023,4500,7056,1568,1.57,58%,Rainfed,Red Sandy Soil,Palar,Semi-Critical,12.4925,78.5678,OBSERVED_DATA,"Department of Economics & Statistics (DES) & Dept of Agriculture, Govt of Tamil Nadu",https://www.tn.gov.in/deptst/agriculture.htm,2023,High,Official Season & Crop Report entry for Tirupathur
Tamil Nadu,Kanchipuram,Northern Coastal,Paddy/Rice,Cereal,Kharif (Kuruvai / Samba),2023,116550,409090,3510,3.51,80%,Cauvery Canal / Tanks,Clayey & Alluvial Soil,Palar / Cheyyar,Safe,12.8342,79.7036,OBSERVED_DATA,"Department of Economics & Statistics (DES) & Dept of Agriculture, Govt of Tamil Nadu",https://www.tn.gov.in/deptst/agriculture.htm,2023,High,Official Season & Crop Report entry for Kanchipuram
Tamil Nadu,Kanchipuram,Northern Coastal,Coconut,Oilseed/Fruit,Annual,2023,57200,504504,8820,8.82,80%,Groundwater / Rainfed,Clayey & Alluvial Soil,Palar / Cheyyar,Safe,12.8342,79.7036,OBSERVED_DATA,"Department of Economics & Statistics (DES) & Dept of Agriculture, Govt of Tamil Nadu",https://www.tn.gov.in/deptst/agriculture.htm,2023,High,Official Season & Crop Report entry for Kanchipuram
Tamil Nadu,Kanchipuram,Northern Coastal,Groundnut,Oilseed,Kharif / Rabi,2023,9800,19404,1980,1.98,80%,Rainfed / GW,Clayey & Alluvial Soil,Palar / Cheyyar,Safe,12.8342,79.7036,OBSERVED_DATA,"Department of Economics & Statistics (DES) & Dept of Agriculture, Govt of Tamil Nadu",https://www.tn.gov.in/deptst/agriculture.htm,2023,High,Official Season & Crop Report entry for Kanchipuram
Tamil Nadu,Kanchipuram,Northern Coastal,Small Millets/Ragi,Cereal,Kharif,2023,12000,17280,1440,1.44,80%,Rainfed,Clayey & Alluvial Soil,Palar / Cheyyar,Safe,12.8342,79.7036,OBSERVED_DATA,"Department of Economics & Statistics (DES) & Dept of Agriculture, Govt of Tamil Nadu",https://www.tn.gov.in/deptst/agriculture.htm,2023,High,Official Season & Crop Report entry for Kanchipuram
Tamil Nadu,Chengalpattu,Northern Coastal,Paddy/Rice,Cereal,Kharif (Kuruvai / Samba),2023,101750,408729,4017,4.02,75%,Cauvery Canal / Tanks,Coastal Alluvium & Red Clay,Palar,Safe,12.6819,79.9888,OBSERVED_DATA,"Department of Economics & Statistics (DES) & Dept of Agriculture, Govt of Tamil Nadu",https://www.tn.gov.in/deptst/agriculture.htm,2023,High,Official Season & Crop Report entry for Chengalpattu
Tamil Nadu,Chengalpattu,Northern Coastal,Coconut,Oilseed/Fruit,Annual,2023,25350,255882,10094,10.09,75%,Groundwater / Rainfed,Coastal Alluvium & Red Clay,Palar,Safe,12.6819,79.9888,OBSERVED_DATA,"Department of Economics & Statistics (DES) & Dept of Agriculture, Govt of Tamil Nadu",https://www.tn.gov.in/deptst/agriculture.htm,2023,High,Official Season & Crop Report entry for Chengalpattu
Tamil Nadu,Chengalpattu,Northern Coastal,Groundnut,Oilseed,Kharif / Rabi,2023,5600,12689,2266,2.27,75%,Rainfed / GW,Coastal Alluvium & Red Clay,Palar,Safe,12.6819,79.9888,OBSERVED_DATA,"Department of Economics & Statistics (DES) & Dept of Agriculture, Govt of Tamil Nadu",https://www.tn.gov.in/deptst/agriculture.htm,2023,High,Official Season & Crop Report entry for Chengalpattu
Tamil Nadu,Chengalpattu,Northern Coastal,Small Millets/Ragi,Cereal,Kharif,2023,10800,17798,1648,1.65,75%,Rainfed,Coastal Alluvium & Red Clay,Palar,Safe,12.6819,79.9888,OBSERVED_DATA,"Department of Economics & Statistics (DES) & Dept of Agriculture, Govt of Tamil Nadu",https://www.tn.gov.in/deptst/agriculture.htm,2023,High,Official Season & Crop Report entry for Chengalpattu
Tamil Nadu,Tiruvallur,Northern Coastal,Paddy/Rice,Cereal,Kharif (Kuruvai / Samba),2023,149850,543505,3627,3.63,82%,Cauvery Canal / Tanks,Alluvial & Red Soil,Kosasthalaiyar,Over-Exploited,13.1432,79.908,OBSERVED_DATA,"Department of Economics & Statistics (DES) & Dept of Agriculture, Govt of Tamil Nadu",https://www.tn.gov.in/deptst/agriculture.htm,2023,High,Official Season & Crop Report entry for Tiruvallur
Tamil Nadu,Tiruvallur,Northern Coastal,Coconut,Oilseed/Fruit,Annual,2023,53300,485776,9114,9.11,82%,Groundwater / Rainfed,Alluvial & Red Soil,Kosasthalaiyar,Over-Exploited,13.1432,79.908,OBSERVED_DATA,"Department of Economics & Statistics (DES) & Dept of Agriculture, Govt of Tamil Nadu",https://www.tn.gov.in/deptst/agriculture.htm,2023,High,Official Season & Crop Report entry for Tiruvallur
Tamil Nadu,Tiruvallur,Northern Coastal,Groundnut,Oilseed,Kharif / Rabi,2023,8049,16468,2046,2.05,82%,Rainfed / GW,Alluvial & Red Soil,Kosasthalaiyar,Over-Exploited,13.1432,79.908,OBSERVED_DATA,"Department of Economics & Statistics (DES) & Dept of Agriculture, Govt of Tamil Nadu",https://www.tn.gov.in/deptst/agriculture.htm,2023,High,Official Season & Crop Report entry for Tiruvallur
Tamil Nadu,Tiruvallur,Northern Coastal,Small Millets/Ragi,Cereal,Kharif,2023,2549,3792,1488,1.49,82%,Rainfed,Alluvial & Red Soil,Kosasthalaiyar,Over-Exploited,13.1432,79.908,OBSERVED_DATA,"Department of Economics & Statistics (DES) & Dept of Agriculture, Govt of Tamil Nadu",https://www.tn.gov.in/deptst/agriculture.htm,2023,High,Official Season & Crop Report entry for Tiruvallur
Tamil Nadu,Chennai,Metropolitan,Paddy/Rice,Cereal,Kharif (Kuruvai / Samba),2023,109150,417171,3822,3.82,10%,Cauvery Canal / Tanks,Urban Alluvium,Cooum / Adyar,Over-Exploited,13.0827,80.2707,OBSERVED_DATA,"Department of Economics & Statistics (DES) & Dept of Agriculture, Govt of Tamil Nadu",https://www.tn.gov.in/deptst/agriculture.htm,2023,High,Official Season & Crop Report entry for Chennai
Tamil Nadu,Chennai,Metropolitan,Coconut,Oilseed/Fruit,Annual,2023,18850,181035,9604,9.6,10%,Groundwater / Rainfed,Urban Alluvium,Cooum / Adyar,Over-Exploited,13.0827,80.2707,OBSERVED_DATA,"Department of Economics & Statistics (DES) & Dept of Agriculture, Govt of Tamil Nadu",https://www.tn.gov.in/deptst/agriculture.htm,2023,High,Official Season & Crop Report entry for Chennai
Tamil Nadu,Chennai,Metropolitan,Groundnut,Oilseed,Kharif / Rabi,2023,6650,14337,2156,2.16,10%,Rainfed / GW,Urban Alluvium,Cooum / Adyar,Over-Exploited,13.0827,80.2707,OBSERVED_DATA,"Department of Economics & Statistics (DES) & Dept of Agriculture, Govt of Tamil Nadu",https://www.tn.gov.in/deptst/agriculture.htm,2023,High,Official Season & Crop Report entry for Chennai
Tamil Nadu,Chennai,Metropolitan,Small Millets/Ragi,Cereal,Kharif,2023,4350,6820,1568,1.57,10%,Rainfed,Urban Alluvium,Cooum / Adyar,Over-Exploited,13.0827,80.2707,OBSERVED_DATA,"Department of Economics & Statistics (DES) & Dept of Agriculture, Govt of Tamil Nadu",https://www.tn.gov.in/deptst/agriculture.htm,2023,High,Official Season & Crop Report entry for Chennai
Tamil Nadu,Salem,Western TN,Tapioca,Tuber,Annual,2023,3720,94785,25480,25.48,64%,Rainfed / GW,Red Loam & Black Soil,Thirumanimuthar,Critical,11.6643,78.146,OBSERVED_DATA,"Department of Economics & Statistics (DES) & Dept of Agriculture, Govt of Tamil Nadu",https://www.tn.gov.in/deptst/agriculture.htm,2023,High,Official Season & Crop Report entry for Salem
Tamil Nadu,Salem,Western TN,Onion (Shallots),Vegetable,Kharif / Rabi,2023,7810,85285,10920,10.92,64%,Well Irrigation,Red Loam & Black Soil,Thirumanimuthar,Critical,11.6643,78.146,OBSERVED_DATA,"Department of Economics & Statistics (DES) & Dept of Agriculture, Govt of Tamil Nadu",https://www.tn.gov.in/deptst/agriculture.htm,2023,High,Official Season & Crop Report entry for Salem
Tamil Nadu,Salem,Western TN,Sugarcane,Cash Crop,Annual,2023,31500,2350530,74620,74.62,64%,Canal / Tubewell,Red Loam & Black Soil,Thirumanimuthar,Critical,11.6643,78.146,OBSERVED_DATA,"Department of Economics & Statistics (DES) & Dept of Agriculture, Govt of Tamil Nadu",https://www.tn.gov.in/deptst/agriculture.htm,2023,High,Official Season & Crop Report entry for Salem
Tamil Nadu,Salem,Western TN,Maize,Cereal,Kharif / Rabi,2023,4000,16380,4095,4.09,64%,Groundwater,Red Loam & Black Soil,Thirumanimuthar,Critical,11.6643,78.146,OBSERVED_DATA,"Department of Economics & Statistics (DES) & Dept of Agriculture, Govt of Tamil Nadu",https://www.tn.gov.in/deptst/agriculture.htm,2023,High,Official Season & Crop Report entry for Salem
Tamil Nadu,Namakkal,Western TN,Tapioca,Tuber,Annual,2023,10800,311472,28840,28.84,60%,Rainfed / GW,Red Loam & Gravelly Soil,Cauvery,Over-Exploited,11.2189,78.1674,OBSERVED_DATA,"Department of Economics & Statistics (DES) & Dept of Agriculture, Govt of Tamil Nadu",https://www.tn.gov.in/deptst/agriculture.htm,2023,High,Official Season & Crop Report entry for Namakkal
Tamil Nadu,Namakkal,Western TN,Onion (Shallots),Vegetable,Kharif / Rabi,2023,8140,100610,12360,12.36,60%,Well Irrigation,Red Loam & Gravelly Soil,Cauvery,Over-Exploited,11.2189,78.1674,OBSERVED_DATA,"Department of Economics & Statistics (DES) & Dept of Agriculture, Govt of Tamil Nadu",https://www.tn.gov.in/deptst/agriculture.htm,2023,High,Official Season & Crop Report entry for Namakkal
Tamil Nadu,Namakkal,Western TN,Sugarcane,Cash Crop,Annual,2023,38220,3228061,84460,84.46,60%,Canal / Tubewell,Red Loam & Gravelly Soil,Cauvery,Over-Exploited,11.2189,78.1674,OBSERVED_DATA,"Department of Economics & Statistics (DES) & Dept of Agriculture, Govt of Tamil Nadu",https://www.tn.gov.in/deptst/agriculture.htm,2023,High,Official Season & Crop Report entry for Namakkal
Tamil Nadu,Namakkal,Western TN,Maize,Cereal,Kharif / Rabi,2023,19250,89223,4635,4.63,60%,Groundwater,Red Loam & Gravelly Soil,Cauvery,Over-Exploited,11.2189,78.1674,OBSERVED_DATA,"Department of Economics & Statistics (DES) & Dept of Agriculture, Govt of Tamil Nadu",https://www.tn.gov.in/deptst/agriculture.htm,2023,High,Official Season & Crop Report entry for Namakkal
Tamil Nadu,Erode,Western TN,Paddy/Rice,Cereal,Kharif (Kuruvai / Samba),2023,40700,161904,3978,3.98,76%,Cauvery Canal / Tanks,Red Loam & Black Cotton Soil,Cauvery / Bhavani,Semi-Critical,11.341,77.7172,OBSERVED_DATA,"Department of Economics & Statistics (DES) & Dept of Agriculture, Govt of Tamil Nadu",https://www.tn.gov.in/deptst/agriculture.htm,2023,High,Official Season & Crop Report entry for Erode
Tamil Nadu,Erode,Western TN,Coconut,Oilseed/Fruit,Annual,2023,24700,246901,9996,10.0,76%,Groundwater / Rainfed,Red Loam & Black Cotton Soil,Cauvery / Bhavani,Semi-Critical,11.341,77.7172,OBSERVED_DATA,"Department of Economics & Statistics (DES) & Dept of Agriculture, Govt of Tamil Nadu",https://www.tn.gov.in/deptst/agriculture.htm,2023,High,Official Season & Crop Report entry for Erode
Tamil Nadu,Erode,Western TN,Groundnut,Oilseed,Kharif / Rabi,2023,16450,36913,2244,2.24,76%,Rainfed / GW,Red Loam & Black Cotton Soil,Cauvery / Bhavani,Semi-Critical,11.341,77.7172,OBSERVED_DATA,"Department of Economics & Statistics (DES) & Dept of Agriculture, Govt of Tamil Nadu",https://www.tn.gov.in/deptst/agriculture.htm,2023,High,Official Season & Crop Report entry for Erode
Tamil Nadu,Erode,Western TN,Small Millets/Ragi,Cereal,Kharif,2023,3150,5140,1632,1.63,76%,Rainfed,Red Loam & Black Cotton Soil,Cauvery / Bhavani,Semi-Critical,11.341,77.7172,OBSERVED_DATA,"Department of Economics & Statistics (DES) & Dept of Agriculture, Govt of Tamil Nadu",https://www.tn.gov.in/deptst/agriculture.htm,2023,High,Official Season & Crop Report entry for Erode
Tamil Nadu,Tiruppur,Western TN,Paddy/Rice,Cereal,Kharif (Kuruvai / Samba),2023,146150,564285,3861,3.86,58%,Cauvery Canal / Tanks,Red Sandy & Black Soil,Noyyal / Amaravathi,Over-Exploited,11.1085,77.3411,OBSERVED_DATA,"Department of Economics & Statistics (DES) & Dept of Agriculture, Govt of Tamil Nadu",https://www.tn.gov.in/deptst/agriculture.htm,2023,High,Official Season & Crop Report entry for Tiruppur
Tamil Nadu,Tiruppur,Western TN,Coconut,Oilseed/Fruit,Annual,2023,41600,403603,9702,9.7,58%,Groundwater / Rainfed,Red Sandy & Black Soil,Noyyal / Amaravathi,Over-Exploited,11.1085,77.3411,OBSERVED_DATA,"Department of Economics & Statistics (DES) & Dept of Agriculture, Govt of Tamil Nadu",https://www.tn.gov.in/deptst/agriculture.htm,2023,High,Official Season & Crop Report entry for Tiruppur
Tamil Nadu,Tiruppur,Western TN,Groundnut,Oilseed,Kharif / Rabi,2023,32900,71656,2178,2.18,58%,Rainfed / GW,Red Sandy & Black Soil,Noyyal / Amaravathi,Over-Exploited,11.1085,77.3411,OBSERVED_DATA,"Department of Economics & Statistics (DES) & Dept of Agriculture, Govt of Tamil Nadu",https://www.tn.gov.in/deptst/agriculture.htm,2023,High,Official Season & Crop Report entry for Tiruppur
Tamil Nadu,Tiruppur,Western TN,Small Millets/Ragi,Cereal,Kharif,2023,11400,18057,1584,1.58,58%,Rainfed,Red Sandy & Black Soil,Noyyal / Amaravathi,Over-Exploited,11.1085,77.3411,OBSERVED_DATA,"Department of Economics & Statistics (DES) & Dept of Agriculture, Govt of Tamil Nadu",https://www.tn.gov.in/deptst/agriculture.htm,2023,High,Official Season & Crop Report entry for Tiruppur
Tamil Nadu,Coimbatore,Western TN,Paddy/Rice,Cereal,Kharif (Kuruvai / Samba),2023,112850,470923,4173,4.17,65%,Cauvery Canal / Tanks,Red Loam & Black Soil,Noyyal / Bhavani,Over-Exploited,11.0168,76.9558,OBSERVED_DATA,"Department of Economics & Statistics (DES) & Dept of Agriculture, Govt of Tamil Nadu",https://www.tn.gov.in/deptst/agriculture.htm,2023,High,Official Season & Crop Report entry for Coimbatore
Tamil Nadu,Coimbatore,Western TN,Coconut,Oilseed/Fruit,Annual,2023,55900,586167,10486,10.49,65%,Groundwater / Rainfed,Red Loam & Black Soil,Noyyal / Bhavani,Over-Exploited,11.0168,76.9558,OBSERVED_DATA,"Department of Economics & Statistics (DES) & Dept of Agriculture, Govt of Tamil Nadu",https://www.tn.gov.in/deptst/agriculture.htm,2023,High,Official Season & Crop Report entry for Coimbatore
Tamil Nadu,Coimbatore,Western TN,Groundnut,Oilseed,Kharif / Rabi,2023,31150,73327,2354,2.35,65%,Rainfed / GW,Red Loam & Black Soil,Noyyal / Bhavani,Over-Exploited,11.0168,76.9558,OBSERVED_DATA,"Department of Economics & Statistics (DES) & Dept of Agriculture, Govt of Tamil Nadu",https://www.tn.gov.in/deptst/agriculture.htm,2023,High,Official Season & Crop Report entry for Coimbatore
Tamil Nadu,Coimbatore,Western TN,Small Millets/Ragi,Cereal,Kharif,2023,6450,11042,1712,1.71,65%,Rainfed,Red Loam & Black Soil,Noyyal / Bhavani,Over-Exploited,11.0168,76.9558,OBSERVED_DATA,"Department of Economics & Statistics (DES) & Dept of Agriculture, Govt of Tamil Nadu",https://www.tn.gov.in/deptst/agriculture.htm,2023,High,Official Season & Crop Report entry for Coimbatore
Tamil Nadu,Nilgiris,Western Hilly,Paddy/Rice,Cereal,Kharif (Kuruvai / Samba),2023,74000,285714,3861,3.86,25%,Cauvery Canal / Tanks,Laterite Peaty Soil,Moyar / Pykara,Safe,11.4916,76.7337,OBSERVED_DATA,"Department of Economics & Statistics (DES) & Dept of Agriculture, Govt of Tamil Nadu",https://www.tn.gov.in/deptst/agriculture.htm,2023,High,Official Season & Crop Report entry for Nilgiris
Tamil Nadu,Nilgiris,Western Hilly,Coconut,Oilseed/Fruit,Annual,2023,46150,447747,9702,9.7,25%,Groundwater / Rainfed,Laterite Peaty Soil,Moyar / Pykara,Safe,11.4916,76.7337,OBSERVED_DATA,"Department of Economics & Statistics (DES) & Dept of Agriculture, Govt of Tamil Nadu",https://www.tn.gov.in/deptst/agriculture.htm,2023,High,Official Season & Crop Report entry for Nilgiris
Tamil Nadu,Nilgiris,Western Hilly,Groundnut,Oilseed,Kharif / Rabi,2023,9450,20582,2178,2.18,25%,Rainfed / GW,Laterite Peaty Soil,Moyar / Pykara,Safe,11.4916,76.7337,OBSERVED_DATA,"Department of Economics & Statistics (DES) & Dept of Agriculture, Govt of Tamil Nadu",https://www.tn.gov.in/deptst/agriculture.htm,2023,High,Official Season & Crop Report entry for Nilgiris
Tamil Nadu,Nilgiris,Western Hilly,Small Millets/Ragi,Cereal,Kharif,2023,8850,14018,1584,1.58,25%,Rainfed,Laterite Peaty Soil,Moyar / Pykara,Safe,11.4916,76.7337,OBSERVED_DATA,"Department of Economics & Statistics (DES) & Dept of Agriculture, Govt of Tamil Nadu",https://www.tn.gov.in/deptst/agriculture.htm,2023,High,Official Season & Crop Report entry for Nilgiris
Tamil Nadu,Dharmapuri,North Western,Tapioca,Tuber,Annual,2023,11040,327667,29680,29.68,48%,Rainfed / GW,Red Sandy & Gravelly Soil,Ponnaiyar,Over-Exploited,12.1211,78.1582,OBSERVED_DATA,"Department of Economics & Statistics (DES) & Dept of Agriculture, Govt of Tamil Nadu",https://www.tn.gov.in/deptst/agriculture.htm,2023,High,Official Season & Crop Report entry for Dharmapuri
Tamil Nadu,Dharmapuri,North Western,Onion (Shallots),Vegetable,Kharif / Rabi,2023,7150,90948,12720,12.72,48%,Well Irrigation,Red Sandy & Gravelly Soil,Ponnaiyar,Over-Exploited,12.1211,78.1582,OBSERVED_DATA,"Department of Economics & Statistics (DES) & Dept of Agriculture, Govt of Tamil Nadu",https://www.tn.gov.in/deptst/agriculture.htm,2023,High,Official Season & Crop Report entry for Dharmapuri
Tamil Nadu,Dharmapuri,North Western,Sugarcane,Cash Crop,Annual,2023,21840,1898332,86920,86.92,48%,Canal / Tubewell,Red Sandy & Gravelly Soil,Ponnaiyar,Over-Exploited,12.1211,78.1582,OBSERVED_DATA,"Department of Economics & Statistics (DES) & Dept of Agriculture, Govt of Tamil Nadu",https://www.tn.gov.in/deptst/agriculture.htm,2023,High,Official Season & Crop Report entry for Dharmapuri
Tamil Nadu,Dharmapuri,North Western,Maize,Cereal,Kharif / Rabi,2023,13000,62010,4770,4.77,48%,Groundwater,Red Sandy & Gravelly Soil,Ponnaiyar,Over-Exploited,12.1211,78.1582,OBSERVED_DATA,"Department of Economics & Statistics (DES) & Dept of Agriculture, Govt of Tamil Nadu",https://www.tn.gov.in/deptst/agriculture.htm,2023,High,Official Season & Crop Report entry for Dharmapuri
Tamil Nadu,Krishnagiri,North Western,Paddy/Rice,Cereal,Kharif (Kuruvai / Samba),2023,62899,242853,3861,3.86,52%,Cauvery Canal / Tanks,Red Loam & Sandy Soil,Ponnaiyar,Critical,12.5186,78.2137,OBSERVED_DATA,"Department of Economics & Statistics (DES) & Dept of Agriculture, Govt of Tamil Nadu",https://www.tn.gov.in/deptst/agriculture.htm,2023,High,Official Season & Crop Report entry for Krishnagiri
Tamil Nadu,Krishnagiri,North Western,Coconut,Oilseed/Fruit,Annual,2023,46150,447747,9702,9.7,52%,Groundwater / Rainfed,Red Loam & Sandy Soil,Ponnaiyar,Critical,12.5186,78.2137,OBSERVED_DATA,"Department of Economics & Statistics (DES) & Dept of Agriculture, Govt of Tamil Nadu",https://www.tn.gov.in/deptst/agriculture.htm,2023,High,Official Season & Crop Report entry for Krishnagiri
Tamil Nadu,Krishnagiri,North Western,Groundnut,Oilseed,Kharif / Rabi,2023,15050,32778,2178,2.18,52%,Rainfed / GW,Red Loam & Sandy Soil,Ponnaiyar,Critical,12.5186,78.2137,OBSERVED_DATA,"Department of Economics & Statistics (DES) & Dept of Agriculture, Govt of Tamil Nadu",https://www.tn.gov.in/deptst/agriculture.htm,2023,High,Official Season & Crop Report entry for Krishnagiri
Tamil Nadu,Krishnagiri,North Western,Small Millets/Ragi,Cereal,Kharif,2023,13500,21384,1584,1.58,52%,Rainfed,Red Loam & Sandy Soil,Ponnaiyar,Critical,12.5186,78.2137,OBSERVED_DATA,"Department of Economics & Statistics (DES) & Dept of Agriculture, Govt of Tamil Nadu",https://www.tn.gov.in/deptst/agriculture.htm,2023,High,Official Season & Crop Report entry for Krishnagiri
Tamil Nadu,Karur,Central TN,Paddy/Rice,Cereal,Kharif (Kuruvai / Samba),2023,44400,174891,3939,3.94,70%,Cauvery Canal / Tanks,Red Sandy & Black Soil,Cauvery / Amaravathi,Over-Exploited,10.9601,78.0766,OBSERVED_DATA,"Department of Economics & Statistics (DES) & Dept of Agriculture, Govt of Tamil Nadu",https://www.tn.gov.in/deptst/agriculture.htm,2023,High,Official Season & Crop Report entry for Karur
Tamil Nadu,Karur,Central TN,Coconut,Oilseed/Fruit,Annual,2023,41600,411756,9898,9.9,70%,Groundwater / Rainfed,Red Sandy & Black Soil,Cauvery / Amaravathi,Over-Exploited,10.9601,78.0766,OBSERVED_DATA,"Department of Economics & Statistics (DES) & Dept of Agriculture, Govt of Tamil Nadu",https://www.tn.gov.in/deptst/agriculture.htm,2023,High,Official Season & Crop Report entry for Karur
Tamil Nadu,Karur,Central TN,Groundnut,Oilseed,Kharif / Rabi,2023,19250,42773,2222,2.22,70%,Rainfed / GW,Red Sandy & Black Soil,Cauvery / Amaravathi,Over-Exploited,10.9601,78.0766,OBSERVED_DATA,"Department of Economics & Statistics (DES) & Dept of Agriculture, Govt of Tamil Nadu",https://www.tn.gov.in/deptst/agriculture.htm,2023,High,Official Season & Crop Report entry for Karur
Tamil Nadu,Karur,Central TN,Small Millets/Ragi,Cereal,Kharif,2023,9450,15271,1616,1.62,70%,Rainfed,Red Sandy & Black Soil,Cauvery / Amaravathi,Over-Exploited,10.9601,78.0766,OBSERVED_DATA,"Department of Economics & Statistics (DES) & Dept of Agriculture, Govt of Tamil Nadu",https://www.tn.gov.in/deptst/agriculture.htm,2023,High,Official Season & Crop Report entry for Karur
Tamil Nadu,Perambalur,Central TN,Maize,Cereal,Kharif / Rabi,2023,15750,64496,4095,4.09,55%,Groundwater,Black Cotton & Red Soil,Vellar,Semi-Critical,11.2342,78.882,OBSERVED_DATA,"Department of Economics & Statistics (DES) & Dept of Agriculture, Govt of Tamil Nadu",https://www.tn.gov.in/deptst/agriculture.htm,2023,High,Official Season & Crop Report entry for Perambalur
Tamil Nadu,Perambalur,Central TN,Onion (Shallots),Vegetable,Kharif / Rabi,2023,8250,90090,10920,10.92,55%,Well Irrigation,Black Cotton & Red Soil,Vellar,Semi-Critical,11.2342,78.882,OBSERVED_DATA,"Department of Economics & Statistics (DES) & Dept of Agriculture, Govt of Tamil Nadu",https://www.tn.gov.in/deptst/agriculture.htm,2023,High,Official Season & Crop Report entry for Perambalur
Tamil Nadu,Perambalur,Central TN,Cotton,Fiber,Kharif,2023,9100,5796,637,0.64,55%,Rainfed / GW,Black Cotton & Red Soil,Vellar,Semi-Critical,11.2342,78.882,OBSERVED_DATA,"Department of Economics & Statistics (DES) & Dept of Agriculture, Govt of Tamil Nadu",https://www.tn.gov.in/deptst/agriculture.htm,2023,High,Official Season & Crop Report entry for Perambalur
Tamil Nadu,Perambalur,Central TN,Groundnut,Oilseed,Kharif / Rabi,2023,24850,49749,2002,2.0,55%,Rainfed / GW,Black Cotton & Red Soil,Vellar,Semi-Critical,11.2342,78.882,OBSERVED_DATA,"Department of Economics & Statistics (DES) & Dept of Agriculture, Govt of Tamil Nadu",https://www.tn.gov.in/deptst/agriculture.htm,2023,High,Official Season & Crop Report entry for Perambalur
Tamil Nadu,Ariyalur,Central TN,Paddy/Rice,Cereal,Kharif (Kuruvai / Samba),2023,183150,692856,3783,3.78,62%,Cauvery Canal / Tanks,Red Loam & Clayey Soil,Marudhaiyaru,Safe,11.1401,79.0782,OBSERVED_DATA,"Department of Economics & Statistics (DES) & Dept of Agriculture, Govt of Tamil Nadu",https://www.tn.gov.in/deptst/agriculture.htm,2023,High,Official Season & Crop Report entry for Ariyalur
Tamil Nadu,Ariyalur,Central TN,Coconut,Oilseed/Fruit,Annual,2023,31850,302766,9506,9.51,62%,Groundwater / Rainfed,Red Loam & Clayey Soil,Marudhaiyaru,Safe,11.1401,79.0782,OBSERVED_DATA,"Department of Economics & Statistics (DES) & Dept of Agriculture, Govt of Tamil Nadu",https://www.tn.gov.in/deptst/agriculture.htm,2023,High,Official Season & Crop Report entry for Ariyalur
Tamil Nadu,Ariyalur,Central TN,Groundnut,Oilseed,Kharif / Rabi,2023,29400,62739,2134,2.13,62%,Rainfed / GW,Red Loam & Clayey Soil,Marudhaiyaru,Safe,11.1401,79.0782,OBSERVED_DATA,"Department of Economics & Statistics (DES) & Dept of Agriculture, Govt of Tamil Nadu",https://www.tn.gov.in/deptst/agriculture.htm,2023,High,Official Season & Crop Report entry for Ariyalur
Tamil Nadu,Ariyalur,Central TN,Small Millets/Ragi,Cereal,Kharif,2023,7800,12105,1552,1.55,62%,Rainfed,Red Loam & Clayey Soil,Marudhaiyaru,Safe,11.1401,79.0782,OBSERVED_DATA,"Department of Economics & Statistics (DES) & Dept of Agriculture, Govt of Tamil Nadu",https://www.tn.gov.in/deptst/agriculture.htm,2023,High,Official Season & Crop Report entry for Ariyalur
Tamil Nadu,Pudukkottai,Southern Delta,Paddy/Rice,Cereal,Kharif (Kuruvai / Samba),2023,109150,455482,4173,4.17,54%,Cauvery Canal / Tanks,Red Sandy & Laterite Soil,Vellar / Agniyar,Semi-Critical,10.3833,78.8,OBSERVED_DATA,"Department of Economics & Statistics (DES) & Dept of Agriculture, Govt of Tamil Nadu",https://www.tn.gov.in/deptst/agriculture.htm,2023,High,Official Season & Crop Report entry for Pudukkottai
Tamil Nadu,Pudukkottai,Southern Delta,Blackgram/Urad,Pulse,Rabi (Rice Fallow),2023,14000,11984,856,0.86,54%,Rice Fallow Moisture,Red Sandy & Laterite Soil,Vellar / Agniyar,Semi-Critical,10.3833,78.8,OBSERVED_DATA,"Department of Economics & Statistics (DES) & Dept of Agriculture, Govt of Tamil Nadu",https://www.tn.gov.in/deptst/agriculture.htm,2023,High,Official Season & Crop Report entry for Pudukkottai
Tamil Nadu,Pudukkottai,Southern Delta,Greengram/Moong,Pulse,Rabi (Rice Fallow),2023,7560,6063,802,0.8,54%,Rice Fallow Moisture,Red Sandy & Laterite Soil,Vellar / Agniyar,Semi-Critical,10.3833,78.8,OBSERVED_DATA,"Department of Economics & Statistics (DES) & Dept of Agriculture, Govt of Tamil Nadu",https://www.tn.gov.in/deptst/agriculture.htm,2023,High,Official Season & Crop Report entry for Pudukkottai
Tamil Nadu,Pudukkottai,Southern Delta,Coconut,Oilseed/Fruit,Annual,2023,46800,490744,10486,10.49,54%,Groundwater / Rainfed,Red Sandy & Laterite Soil,Vellar / Agniyar,Semi-Critical,10.3833,78.8,OBSERVED_DATA,"Department of Economics & Statistics (DES) & Dept of Agriculture, Govt of Tamil Nadu",https://www.tn.gov.in/deptst/agriculture.htm,2023,High,Official Season & Crop Report entry for Pudukkottai
Tamil Nadu,Dindigul,Southern TN,Paddy/Rice,Cereal,Kharif (Kuruvai / Samba),2023,109150,463996,4251,4.25,52%,Cauvery Canal / Tanks,Red Loam & Black Soil,Vigai / Shanmuganadhi,Over-Exploited,10.3673,77.9803,OBSERVED_DATA,"Department of Economics & Statistics (DES) & Dept of Agriculture, Govt of Tamil Nadu",https://www.tn.gov.in/deptst/agriculture.htm,2023,High,Official Season & Crop Report entry for Dindigul
Tamil Nadu,Dindigul,Southern TN,Coconut,Oilseed/Fruit,Annual,2023,48750,520747,10682,10.68,52%,Groundwater / Rainfed,Red Loam & Black Soil,Vigai / Shanmuganadhi,Over-Exploited,10.3673,77.9803,OBSERVED_DATA,"Department of Economics & Statistics (DES) & Dept of Agriculture, Govt of Tamil Nadu",https://www.tn.gov.in/deptst/agriculture.htm,2023,High,Official Season & Crop Report entry for Dindigul
Tamil Nadu,Dindigul,Southern TN,Groundnut,Oilseed,Kharif / Rabi,2023,6300,15107,2398,2.4,52%,Rainfed / GW,Red Loam & Black Soil,Vigai / Shanmuganadhi,Over-Exploited,10.3673,77.9803,OBSERVED_DATA,"Department of Economics & Statistics (DES) & Dept of Agriculture, Govt of Tamil Nadu",https://www.tn.gov.in/deptst/agriculture.htm,2023,High,Official Season & Crop Report entry for Dindigul
Tamil Nadu,Dindigul,Southern TN,Small Millets/Ragi,Cereal,Kharif,2023,4650,8109,1744,1.74,52%,Rainfed,Red Loam & Black Soil,Vigai / Shanmuganadhi,Over-Exploited,10.3673,77.9803,OBSERVED_DATA,"Department of Economics & Statistics (DES) & Dept of Agriculture, Govt of Tamil Nadu",https://www.tn.gov.in/deptst/agriculture.htm,2023,High,Official Season & Crop Report entry for Dindigul
Tamil Nadu,Theni,Southern TN,Banana,Fruit,Annual,2023,3330,139860,42000,42.0,68%,Canal / Drip,Red Loam & Black Soil,Vaigai,Safe,10.0104,77.4768,OBSERVED_DATA,"Department of Economics & Statistics (DES) & Dept of Agriculture, Govt of Tamil Nadu",https://www.tn.gov.in/deptst/agriculture.htm,2023,High,Official Season & Crop Report entry for Theni
Tamil Nadu,Theni,Southern TN,Paddy/Rice,Cereal,Kharif (Kuruvai / Samba),2023,61049,238091,3900,3.9,68%,Cauvery Canal / Tanks,Red Loam & Black Soil,Vaigai,Safe,10.0104,77.4768,OBSERVED_DATA,"Department of Economics & Statistics (DES) & Dept of Agriculture, Govt of Tamil Nadu",https://www.tn.gov.in/deptst/agriculture.htm,2023,High,Official Season & Crop Report entry for Theni
Tamil Nadu,Theni,Southern TN,Spices / Chillies,Spice,Kharif,2023,2185,4370,2000,2.0,68%,Groundwater / Rainfed,Red Loam & Black Soil,Vaigai,Safe,10.0104,77.4768,OBSERVED_DATA,"Department of Economics & Statistics (DES) & Dept of Agriculture, Govt of Tamil Nadu",https://www.tn.gov.in/deptst/agriculture.htm,2023,High,Official Season & Crop Report entry for Theni
Tamil Nadu,Theni,Southern TN,Groundnut,Oilseed,Kharif / Rabi,2023,12250,26950,2200,2.2,68%,Rainfed / GW,Red Loam & Black Soil,Vaigai,Safe,10.0104,77.4768,OBSERVED_DATA,"Department of Economics & Statistics (DES) & Dept of Agriculture, Govt of Tamil Nadu",https://www.tn.gov.in/deptst/agriculture.htm,2023,High,Official Season & Crop Report entry for Theni
Tamil Nadu,Madurai,Southern TN,Paddy/Rice,Cereal,Kharif (Kuruvai / Samba),2023,101750,396825,3900,3.9,74%,Cauvery Canal / Tanks,Red Loam & Black Cotton Soil,Vaigai,Semi-Critical,9.9252,78.1198,OBSERVED_DATA,"Department of Economics & Statistics (DES) & Dept of Agriculture, Govt of Tamil Nadu",https://www.tn.gov.in/deptst/agriculture.htm,2023,High,Official Season & Crop Report entry for Madurai
Tamil Nadu,Madurai,Southern TN,Coconut,Oilseed/Fruit,Annual,2023,44200,433160,9800,9.8,74%,Groundwater / Rainfed,Red Loam & Black Cotton Soil,Vaigai,Semi-Critical,9.9252,78.1198,OBSERVED_DATA,"Department of Economics & Statistics (DES) & Dept of Agriculture, Govt of Tamil Nadu",https://www.tn.gov.in/deptst/agriculture.htm,2023,High,Official Season & Crop Report entry for Madurai
Tamil Nadu,Madurai,Southern TN,Groundnut,Oilseed,Kharif / Rabi,2023,22400,49280,2200,2.2,74%,Rainfed / GW,Red Loam & Black Cotton Soil,Vaigai,Semi-Critical,9.9252,78.1198,OBSERVED_DATA,"Department of Economics & Statistics (DES) & Dept of Agriculture, Govt of Tamil Nadu",https://www.tn.gov.in/deptst/agriculture.htm,2023,High,Official Season & Crop Report entry for Madurai
Tamil Nadu,Madurai,Southern TN,Small Millets/Ragi,Cereal,Kharif,2023,9450,15120,1600,1.6,74%,Rainfed,Red Loam & Black Cotton Soil,Vaigai,Semi-Critical,9.9252,78.1198,OBSERVED_DATA,"Department of Economics & Statistics (DES) & Dept of Agriculture, Govt of Tamil Nadu",https://www.tn.gov.in/deptst/agriculture.htm,2023,High,Official Season & Crop Report entry for Madurai
Tamil Nadu,Sivaganga,Southern TN,Paddy/Rice,Cereal,Kharif (Kuruvai / Samba),2023,175750,644299,3666,3.67,46%,Cauvery Canal / Tanks,Red Sandy & Laterite Soil,Vaigai,Safe,9.8433,78.4833,OBSERVED_DATA,"Department of Economics & Statistics (DES) & Dept of Agriculture, Govt of Tamil Nadu",https://www.tn.gov.in/deptst/agriculture.htm,2023,High,Official Season & Crop Report entry for Sivaganga
Tamil Nadu,Sivaganga,Southern TN,Coconut,Oilseed/Fruit,Annual,2023,50050,461060,9212,9.21,46%,Groundwater / Rainfed,Red Sandy & Laterite Soil,Vaigai,Safe,9.8433,78.4833,OBSERVED_DATA,"Department of Economics & Statistics (DES) & Dept of Agriculture, Govt of Tamil Nadu",https://www.tn.gov.in/deptst/agriculture.htm,2023,High,Official Season & Crop Report entry for Sivaganga
Tamil Nadu,Sivaganga,Southern TN,Groundnut,Oilseed,Kharif / Rabi,2023,11200,23161,2068,2.07,46%,Rainfed / GW,Red Sandy & Laterite Soil,Vaigai,Safe,9.8433,78.4833,OBSERVED_DATA,"Department of Economics & Statistics (DES) & Dept of Agriculture, Govt of Tamil Nadu",https://www.tn.gov.in/deptst/agriculture.htm,2023,High,Official Season & Crop Report entry for Sivaganga
Tamil Nadu,Sivaganga,Southern TN,Small Millets/Ragi,Cereal,Kharif,2023,5700,8572,1504,1.5,46%,Rainfed,Red Sandy & Laterite Soil,Vaigai,Safe,9.8433,78.4833,OBSERVED_DATA,"Department of Economics & Statistics (DES) & Dept of Agriculture, Govt of Tamil Nadu",https://www.tn.gov.in/deptst/agriculture.htm,2023,High,Official Season & Crop Report entry for Sivaganga
Tamil Nadu,Ramanathapuram,Southern Coastal,Paddy/Rice,Cereal,Kharif (Kuruvai / Samba),2023,57350,228138,3978,3.98,38%,Cauvery Canal / Tanks,Saline Coastal & Sandy Soil,Vaigai / Gundar,Saline,9.38,78.83,OBSERVED_DATA,"Department of Economics & Statistics (DES) & Dept of Agriculture, Govt of Tamil Nadu",https://www.tn.gov.in/deptst/agriculture.htm,2023,High,Official Season & Crop Report entry for Ramanathapuram
Tamil Nadu,Ramanathapuram,Southern Coastal,Coconut,Oilseed/Fruit,Annual,2023,51350,513294,9996,10.0,38%,Groundwater / Rainfed,Saline Coastal & Sandy Soil,Vaigai / Gundar,Saline,9.38,78.83,OBSERVED_DATA,"Department of Economics & Statistics (DES) & Dept of Agriculture, Govt of Tamil Nadu",https://www.tn.gov.in/deptst/agriculture.htm,2023,High,Official Season & Crop Report entry for Ramanathapuram
Tamil Nadu,Ramanathapuram,Southern Coastal,Groundnut,Oilseed,Kharif / Rabi,2023,11899,26701,2244,2.24,38%,Rainfed / GW,Saline Coastal & Sandy Soil,Vaigai / Gundar,Saline,9.38,78.83,OBSERVED_DATA,"Department of Economics & Statistics (DES) & Dept of Agriculture, Govt of Tamil Nadu",https://www.tn.gov.in/deptst/agriculture.htm,2023,High,Official Season & Crop Report entry for Ramanathapuram
Tamil Nadu,Ramanathapuram,Southern Coastal,Small Millets/Ragi,Cereal,Kharif,2023,11850,19339,1632,1.63,38%,Rainfed,Saline Coastal & Sandy Soil,Vaigai / Gundar,Saline,9.38,78.83,OBSERVED_DATA,"Department of Economics & Statistics (DES) & Dept of Agriculture, Govt of Tamil Nadu",https://www.tn.gov.in/deptst/agriculture.htm,2023,High,Official Season & Crop Report entry for Ramanathapuram
Tamil Nadu,Virudhunagar,Southern TN,Maize,Cereal,Kharif / Rabi,2023,12500,51750,4140,4.14,42%,Groundwater,Black Cotton Soil,Gundar / Vaippar,Critical,9.58,77.96,OBSERVED_DATA,"Department of Economics & Statistics (DES) & Dept of Agriculture, Govt of Tamil Nadu",https://www.tn.gov.in/deptst/agriculture.htm,2023,High,Official Season & Crop Report entry for Virudhunagar
Tamil Nadu,Virudhunagar,Southern TN,Onion (Shallots),Vegetable,Kharif / Rabi,2023,1650,18216,11040,11.04,42%,Well Irrigation,Black Cotton Soil,Gundar / Vaippar,Critical,9.58,77.96,OBSERVED_DATA,"Department of Economics & Statistics (DES) & Dept of Agriculture, Govt of Tamil Nadu",https://www.tn.gov.in/deptst/agriculture.htm,2023,High,Official Season & Crop Report entry for Virudhunagar
Tamil Nadu,Virudhunagar,Southern TN,Cotton,Fiber,Kharif,2023,11480,7393,644,0.64,42%,Rainfed / GW,Black Cotton Soil,Gundar / Vaippar,Critical,9.58,77.96,OBSERVED_DATA,"Department of Economics & Statistics (DES) & Dept of Agriculture, Govt of Tamil Nadu",https://www.tn.gov.in/deptst/agriculture.htm,2023,High,Official Season & Crop Report entry for Virudhunagar
Tamil Nadu,Virudhunagar,Southern TN,Groundnut,Oilseed,Kharif / Rabi,2023,9100,18418,2024,2.02,42%,Rainfed / GW,Black Cotton Soil,Gundar / Vaippar,Critical,9.58,77.96,OBSERVED_DATA,"Department of Economics & Statistics (DES) & Dept of Agriculture, Govt of Tamil Nadu",https://www.tn.gov.in/deptst/agriculture.htm,2023,High,Official Season & Crop Report entry for Virudhunagar
Tamil Nadu,Tirunelveli,Far South,Paddy/Rice,Cereal,Kharif (Kuruvai / Samba),2023,114700,487589,4251,4.25,72%,Cauvery Canal / Tanks,Red Sandy & Alluvial Soil,Thamirabarani,Safe,8.7139,77.7567,OBSERVED_DATA,"Department of Economics & Statistics (DES) & Dept of Agriculture, Govt of Tamil Nadu",https://www.tn.gov.in/deptst/agriculture.htm,2023,High,Official Season & Crop Report entry for Tirunelveli
Tamil Nadu,Tirunelveli,Far South,Coconut,Oilseed/Fruit,Annual,2023,52000,555464,10682,10.68,72%,Groundwater / Rainfed,Red Sandy & Alluvial Soil,Thamirabarani,Safe,8.7139,77.7567,OBSERVED_DATA,"Department of Economics & Statistics (DES) & Dept of Agriculture, Govt of Tamil Nadu",https://www.tn.gov.in/deptst/agriculture.htm,2023,High,Official Season & Crop Report entry for Tirunelveli
Tamil Nadu,Tirunelveli,Far South,Groundnut,Oilseed,Kharif / Rabi,2023,7000,16786,2398,2.4,72%,Rainfed / GW,Red Sandy & Alluvial Soil,Thamirabarani,Safe,8.7139,77.7567,OBSERVED_DATA,"Department of Economics & Statistics (DES) & Dept of Agriculture, Govt of Tamil Nadu",https://www.tn.gov.in/deptst/agriculture.htm,2023,High,Official Season & Crop Report entry for Tirunelveli
Tamil Nadu,Tirunelveli,Far South,Small Millets/Ragi,Cereal,Kharif,2023,4800,8371,1744,1.74,72%,Rainfed,Red Sandy & Alluvial Soil,Thamirabarani,Safe,8.7139,77.7567,OBSERVED_DATA,"Department of Economics & Statistics (DES) & Dept of Agriculture, Govt of Tamil Nadu",https://www.tn.gov.in/deptst/agriculture.htm,2023,High,Official Season & Crop Report entry for Tirunelveli
Tamil Nadu,Tenkasi,Far South,Paddy/Rice,Cereal,Kharif (Kuruvai / Samba),2023,116550,454545,3900,3.9,68%,Cauvery Canal / Tanks,Red Loam & Black Soil,Chittar / Thamirabarani,Safe,8.9592,77.3129,OBSERVED_DATA,"Department of Economics & Statistics (DES) & Dept of Agriculture, Govt of Tamil Nadu",https://www.tn.gov.in/deptst/agriculture.htm,2023,High,Official Season & Crop Report entry for Tenkasi
Tamil Nadu,Tenkasi,Far South,Coconut,Oilseed/Fruit,Annual,2023,33150,324870,9800,9.8,68%,Groundwater / Rainfed,Red Loam & Black Soil,Chittar / Thamirabarani,Safe,8.9592,77.3129,OBSERVED_DATA,"Department of Economics & Statistics (DES) & Dept of Agriculture, Govt of Tamil Nadu",https://www.tn.gov.in/deptst/agriculture.htm,2023,High,Official Season & Crop Report entry for Tenkasi
Tamil Nadu,Tenkasi,Far South,Groundnut,Oilseed,Kharif / Rabi,2023,24850,54670,2200,2.2,68%,Rainfed / GW,Red Loam & Black Soil,Chittar / Thamirabarani,Safe,8.9592,77.3129,OBSERVED_DATA,"Department of Economics & Statistics (DES) & Dept of Agriculture, Govt of Tamil Nadu",https://www.tn.gov.in/deptst/agriculture.htm,2023,High,Official Season & Crop Report entry for Tenkasi
Tamil Nadu,Tenkasi,Far South,Small Millets/Ragi,Cereal,Kharif,2023,3900,6240,1600,1.6,68%,Rainfed,Red Loam & Black Soil,Chittar / Thamirabarani,Safe,8.9592,77.3129,OBSERVED_DATA,"Department of Economics & Statistics (DES) & Dept of Agriculture, Govt of Tamil Nadu",https://www.tn.gov.in/deptst/agriculture.htm,2023,High,Official Season & Crop Report entry for Tenkasi
Tamil Nadu,Thoothukudi,Southern Coastal,Banana,Fruit,Annual,2023,7215,293939,40740,40.74,45%,Canal / Drip,Black Cotton & Coastal Sandy,Thamirabarani,Semi-Critical,8.7642,78.1348,OBSERVED_DATA,"Department of Economics & Statistics (DES) & Dept of Agriculture, Govt of Tamil Nadu",https://www.tn.gov.in/deptst/agriculture.htm,2023,High,Official Season & Crop Report entry for Thoothukudi
Tamil Nadu,Thoothukudi,Southern Coastal,Paddy/Rice,Cereal,Kharif (Kuruvai / Samba),2023,86950,328931,3783,3.78,45%,Cauvery Canal / Tanks,Black Cotton & Coastal Sandy,Thamirabarani,Semi-Critical,8.7642,78.1348,OBSERVED_DATA,"Department of Economics & Statistics (DES) & Dept of Agriculture, Govt of Tamil Nadu",https://www.tn.gov.in/deptst/agriculture.htm,2023,High,Official Season & Crop Report entry for Thoothukudi
Tamil Nadu,Thoothukudi,Southern Coastal,Spices / Chillies,Spice,Kharif,2023,4940,9583,1940,1.94,45%,Groundwater / Rainfed,Black Cotton & Coastal Sandy,Thamirabarani,Semi-Critical,8.7642,78.1348,OBSERVED_DATA,"Department of Economics & Statistics (DES) & Dept of Agriculture, Govt of Tamil Nadu",https://www.tn.gov.in/deptst/agriculture.htm,2023,High,Official Season & Crop Report entry for Thoothukudi
Tamil Nadu,Thoothukudi,Southern Coastal,Groundnut,Oilseed,Kharif / Rabi,2023,18200,38838,2134,2.13,45%,Rainfed / GW,Black Cotton & Coastal Sandy,Thamirabarani,Semi-Critical,8.7642,78.1348,OBSERVED_DATA,"Department of Economics & Statistics (DES) & Dept of Agriculture, Govt of Tamil Nadu",https://www.tn.gov.in/deptst/agriculture.htm,2023,High,Official Season & Crop Report entry for Thoothukudi
Tamil Nadu,Kanyakumari,Far South Coastal,Paddy/Rice,Cereal,Kharif (Kuruvai / Samba),2023,168350,676261,4017,4.02,84%,Cauvery Canal / Tanks,Laterite & Coastal Alluvium,Kothaiyaru / Pazhayaru,Safe,8.0883,77.5385,OBSERVED_DATA,"Department of Economics & Statistics (DES) & Dept of Agriculture, Govt of Tamil Nadu",https://www.tn.gov.in/deptst/agriculture.htm,2023,High,Official Season & Crop Report entry for Kanyakumari
Tamil Nadu,Kanyakumari,Far South Coastal,Coconut,Oilseed/Fruit,Annual,2023,61100,616743,10094,10.09,84%,Groundwater / Rainfed,Laterite & Coastal Alluvium,Kothaiyaru / Pazhayaru,Safe,8.0883,77.5385,OBSERVED_DATA,"Department of Economics & Statistics (DES) & Dept of Agriculture, Govt of Tamil Nadu",https://www.tn.gov.in/deptst/agriculture.htm,2023,High,Official Season & Crop Report entry for Kanyakumari
Tamil Nadu,Kanyakumari,Far South Coastal,Groundnut,Oilseed,Kharif / Rabi,2023,17150,38861,2266,2.27,84%,Rainfed / GW,Laterite & Coastal Alluvium,Kothaiyaru / Pazhayaru,Safe,8.0883,77.5385,OBSERVED_DATA,"Department of Economics & Statistics (DES) & Dept of Agriculture, Govt of Tamil Nadu",https://www.tn.gov.in/deptst/agriculture.htm,2023,High,Official Season & Crop Report entry for Kanyakumari
Tamil Nadu,Kanyakumari,Far South Coastal,Small Millets/Ragi,Cereal,Kharif,2023,3150,5191,1648,1.65,84%,Rainfed,Laterite & Coastal Alluvium,Kothaiyaru / Pazhayaru,Safe,8.0883,77.5385,OBSERVED_DATA,"Department of Economics & Statistics (DES) & Dept of Agriculture, Govt of Tamil Nadu",https://www.tn.gov.in/deptst/agriculture.htm,2023,High,Official Season & Crop Report entry for Kanyakumari
