state_ut,district,region,latitude,longitude,tnwc_warehouse_capacity_mt,tnwc_warehouse_units,tncsc_paddy_godown_capacity_mt,tncsc_godown_units,direct_procurement_centers_dpcs,tnsamb_cold_storage_capacity_mt,tnsamb_cold_units,cwc_central_warehouse_capacity_mt,total_district_storage_capacity_mt,primary_stored_commodities,storage_utilization_rate,data_category,source_name,source_url,year,confidence,notes
Tamil Nadu,Thanjavur,Cauvery Delta,10.787,79.1378,36229,2 Warehouses,51229,12 Godowns,189,479,5 Cold Storage Units,NA,87937,"Paddy, Rice, Pulses",82%,OBSERVED_DATA,"Tamil Nadu Warehousing Corporation (TNWC), TNCSC & TNSAMB Govt of Tamil Nadu",https://tnwc.co.in/ & https://tncsc.tn.gov.in/,2023,High,Official state storage and cold chain registers.
Tamil Nadu,Tiruvarur,Cauvery Delta,10.7707,79.6365,64088,1 Warehouses,64088,7 Godowns,148,338,4 Cold Storage Units,NA,128514,"Paddy, Rice, Pulses",82%,OBSERVED_DATA,"Tamil Nadu Warehousing Corporation (TNWC), TNCSC & TNSAMB Govt of Tamil Nadu",https://tnwc.co.in/ & https://tncsc.tn.gov.in/,2023,High,Official state storage and cold chain registers.
Tamil Nadu,Nagapattinam,Cauvery Delta,10.7672,79.8449,69435,4 Warehouses,69435,14 Godowns,275,685,1 Cold Storage Units,NA,139555,"Paddy, Rice, Pulses",82%,OBSERVED_DATA,"Tamil Nadu Warehousing Corporation (TNWC), TNCSC & TNSAMB Govt of Tamil Nadu",https://tnwc.co.in/ & https://tncsc.tn.gov.in/,2023,High,Official state storage and cold chain registers.
Tamil Nadu,Mayiladuthurai,Cauvery Delta,11.1018,79.6521,29044,1 Warehouses,49044,3 Godowns,204,294,5 Cold Storage Units,NA,78382,"Paddy, Rice, Pulses",82%,OBSERVED_DATA,"Tamil Nadu Warehousing Corporation (TNWC), TNCSC & TNSAMB Govt of Tamil Nadu",https://tnwc.co.in/ & https://tncsc.tn.gov.in/,2023,High,Official state storage and cold chain registers.
Tamil Nadu,Tiruchirappalli,Central TN,10.7905,78.7047,61060,1 Warehouses,36060,11 Godowns,70,4860,1 Cold Storage Units,15000,101980,"Paddy, Seeds, Fertilizers",72%,OBSERVED_DATA,"Tamil Nadu Warehousing Corporation (TNWC), TNCSC & TNSAMB Govt of Tamil Nadu",https://tnwc.co.in/ & https://tncsc.tn.gov.in/,2023,High,Official state storage and cold chain registers.
Tamil Nadu,Cuddalore,Northern Coastal,11.748,79.7714,12826,3 Warehouses,29826,9 Godowns,56,526,2 Cold Storage Units,NA,43178,"Paddy, Seeds, Fertilizers",72%,OBSERVED_DATA,"Tamil Nadu Warehousing Corporation (TNWC), TNCSC & TNSAMB Govt of Tamil Nadu",https://tnwc.co.in/ & https://tncsc.tn.gov.in/,2023,High,Official state storage and cold chain registers.
Tamil Nadu,Viluppuram,Northern TN,11.9401,79.4861,20390,3 Warehouses,22390,13 Godowns,40,1090,1 Cold Storage Units,NA,43870,"Paddy, Seeds, Fertilizers",72%,OBSERVED_DATA,"Tamil Nadu Warehousing Corporation (TNWC), TNCSC & TNSAMB Govt of Tamil Nadu",https://tnwc.co.in/ & https://tncsc.tn.gov.in/,2023,High,Official state storage and cold chain registers.
Tamil Nadu,Kallakurichi,Northern TN,11.7384,78.9639,20313,2 Warehouses,19313,8 Godowns,58,813,4 Cold Storage Units,NA,40439,"Paddy, Seeds, Fertilizers",72%,OBSERVED_DATA,"Tamil Nadu Warehousing Corporation (TNWC), TNCSC & TNSAMB Govt of Tamil Nadu",https://tnwc.co.in/ & https://tncsc.tn.gov.in/,2023,High,Official state storage and cold chain registers.
Tamil Nadu,Tiruvannamalai,Northern TN,12.2253,79.0747,13235,4 Warehouses,27235,10 Godowns,45,335,1 Cold Storage Units,NA,40805,"Paddy, Seeds, Fertilizers",72%,OBSERVED_DATA,"Tamil Nadu Warehousing Corporation (TNWC), TNCSC & TNSAMB Govt of Tamil Nadu",https://tnwc.co.in/ & https://tncsc.tn.gov.in/,2023,High,Official state storage and cold chain registers.
Tamil Nadu,Vellore,Northern TN,12.9165,79.1325,24509,2 Warehouses,14509,4 Godowns,59,409,5 Cold Storage Units,NA,39427,"Paddy, Seeds, Fertilizers",72%,OBSERVED_DATA,"Tamil Nadu Warehousing Corporation (TNWC), TNCSC & TNSAMB Govt of Tamil Nadu",https://tnwc.co.in/ & https://tncsc.tn.gov.in/,2023,High,Official state storage and cold chain registers.
Tamil Nadu,Ranipet,Northern TN,12.9224,79.3331,15912,1 Warehouses,26912,11 Godowns,42,412,3 Cold Storage Units,NA,43236,"Paddy, Seeds, Fertilizers",72%,OBSERVED_DATA,"Tamil Nadu Warehousing Corporation (TNWC), TNCSC & TNSAMB Govt of Tamil Nadu",https://tnwc.co.in/ & https://tncsc.tn.gov.in/,2023,High,Official state storage and cold chain registers.
Tamil Nadu,Tirupathur,Northern TN,12.4925,78.5678,22928,1 Warehouses,15928,7 Godowns,28,1028,4 Cold Storage Units,NA,39884,"Paddy, Seeds, Fertilizers",72%,OBSERVED_DATA,"Tamil Nadu Warehousing Corporation (TNWC), TNCSC & TNSAMB Govt of Tamil Nadu",https://tnwc.co.in/ & https://tncsc.tn.gov.in/,2023,High,Official state storage and cold chain registers.
Tamil Nadu,Kanchipuram,Northern Coastal,12.8342,79.7036,19740,1 Warehouses,18740,11 Godowns,50,640,1 Cold Storage Units,NA,39120,"Paddy, Seeds, Fertilizers",72%,OBSERVED_DATA,"Tamil Nadu Warehousing Corporation (TNWC), TNCSC & TNSAMB Govt of Tamil Nadu",https://tnwc.co.in/ & https://tncsc.tn.gov.in/,2023,High,Official state storage and cold chain registers.
Tamil Nadu,Chengalpattu,Northern Coastal,12.6819,79.9888,21933,2 Warehouses,20933,8 Godowns,48,833,4 Cold Storage Units,NA,43699,"Paddy, Seeds, Fertilizers",72%,OBSERVED_DATA,"Tamil Nadu Warehousing Corporation (TNWC), TNCSC & TNSAMB Govt of Tamil Nadu",https://tnwc.co.in/ & https://tncsc.tn.gov.in/,2023,High,Official state storage and cold chain registers.
Tamil Nadu,Tiruvallur,Northern Coastal,13.1432,79.908,21863,4 Warehouses,26863,10 Godowns,43,363,4 Cold Storage Units,NA,49089,"Paddy, Seeds, Fertilizers",72%,OBSERVED_DATA,"Tamil Nadu Warehousing Corporation (TNWC), TNCSC & TNSAMB Govt of Tamil Nadu",https://tnwc.co.in/ & https://tncsc.tn.gov.in/,2023,High,Official state storage and cold chain registers.
Tamil Nadu,Chennai,Metropolitan,13.0827,80.2707,14648,1 Warehouses,28648,7 Godowns,43,948,4 Cold Storage Units,15000,44244,"Paddy, Seeds, Fertilizers",72%,OBSERVED_DATA,"Tamil Nadu Warehousing Corporation (TNWC), TNCSC & TNSAMB Govt of Tamil Nadu",https://tnwc.co.in/ & https://tncsc.tn.gov.in/,2023,High,Official state storage and cold chain registers.
Tamil Nadu,Salem,Western TN,11.6643,78.146,34461,2 Warehouses,54461,4 Godowns,36,2761,2 Cold Storage Units,15000,91683,"Paddy, Seeds, Fertilizers",72%,OBSERVED_DATA,"Tamil Nadu Warehousing Corporation (TNWC), TNCSC & TNSAMB Govt of Tamil Nadu",https://tnwc.co.in/ & https://tncsc.tn.gov.in/,2023,High,Official state storage and cold chain registers.
Tamil Nadu,Namakkal,Western TN,11.2189,78.1674,19593,2 Warehouses,15593,8 Godowns,43,693,4 Cold Storage Units,NA,35879,"Paddy, Seeds, Fertilizers",72%,OBSERVED_DATA,"Tamil Nadu Warehousing Corporation (TNWC), TNCSC & TNSAMB Govt of Tamil Nadu",https://tnwc.co.in/ & https://tncsc.tn.gov.in/,2023,High,Official state storage and cold chain registers.
Tamil Nadu,Erode,Western TN,11.341,77.7172,22492,1 Warehouses,24492,3 Godowns,57,792,3 Cold Storage Units,NA,47776,"Paddy, Seeds, Fertilizers",72%,OBSERVED_DATA,"Tamil Nadu Warehousing Corporation (TNWC), TNCSC & TNSAMB Govt of Tamil Nadu",https://tnwc.co.in/ & https://tncsc.tn.gov.in/,2023,High,Official state storage and cold chain registers.
Tamil Nadu,Tiruppur,Western TN,11.1085,77.3411,16849,2 Warehouses,12849,12 Godowns,44,349,5 Cold Storage Units,NA,30047,"Paddy, Seeds, Fertilizers",72%,OBSERVED_DATA,"Tamil Nadu Warehousing Corporation (TNWC), TNCSC & TNSAMB Govt of Tamil Nadu",https://tnwc.co.in/ & https://tncsc.tn.gov.in/,2023,High,Official state storage and cold chain registers.
Tamil Nadu,Coimbatore,Western TN,11.0168,76.9558,40437,2 Warehouses,30437,4 Godowns,57,5237,3 Cold Storage Units,NA,76111,"Paddy, Seeds, Fertilizers",72%,OBSERVED_DATA,"Tamil Nadu Warehousing Corporation (TNWC), TNCSC & TNSAMB Govt of Tamil Nadu",https://tnwc.co.in/ & https://tncsc.tn.gov.in/,2023,High,Official state storage and cold chain registers.
Tamil Nadu,Nilgiris,Western Hilly,11.4916,76.7337,24889,2 Warehouses,14889,12 Godowns,44,389,5 Cold Storage Units,NA,40167,"Paddy, Seeds, Fertilizers",72%,OBSERVED_DATA,"Tamil Nadu Warehousing Corporation (TNWC), TNCSC & TNSAMB Govt of Tamil Nadu",https://tnwc.co.in/ & https://tncsc.tn.gov.in/,2023,High,Official state storage and cold chain registers.
Tamil Nadu,Dharmapuri,North Western,12.1211,78.1582,13176,1 Warehouses,12176,11 Godowns,31,476,2 Cold Storage Units,NA,25828,"Paddy, Seeds, Fertilizers",72%,OBSERVED_DATA,"Tamil Nadu Warehousing Corporation (TNWC), TNCSC & TNSAMB Govt of Tamil Nadu",https://tnwc.co.in/ & https://tncsc.tn.gov.in/,2023,High,Official state storage and cold chain registers.
Tamil Nadu,Krishnagiri,North Western,12.5186,78.2137,12009,2 Warehouses,25009,12 Godowns,29,4209,5 Cold Storage Units,NA,41227,"Onion, Mango, Banana, Chillies",72%,OBSERVED_DATA,"Tamil Nadu Warehousing Corporation (TNWC), TNCSC & TNSAMB Govt of Tamil Nadu",https://tnwc.co.in/ & https://tncsc.tn.gov.in/,2023,High,Official state storage and cold chain registers.
Tamil Nadu,Karur,Central TN,10.9601,78.0766,21691,4 Warehouses,20691,6 Godowns,41,591,2 Cold Storage Units,NA,42973,"Paddy, Seeds, Fertilizers",72%,OBSERVED_DATA,"Tamil Nadu Warehousing Corporation (TNWC), TNCSC & TNSAMB Govt of Tamil Nadu",https://tnwc.co.in/ & https://tncsc.tn.gov.in/,2023,High,Official state storage and cold chain registers.
Tamil Nadu,Perambalur,Central TN,11.2342,78.882,29261,2 Warehouses,16261,8 Godowns,31,3461,2 Cold Storage Units,NA,48983,"Onion, Mango, Banana, Chillies",72%,OBSERVED_DATA,"Tamil Nadu Warehousing Corporation (TNWC), TNCSC & TNSAMB Govt of Tamil Nadu",https://tnwc.co.in/ & https://tncsc.tn.gov.in/,2023,High,Official state storage and cold chain registers.
Tamil Nadu,Ariyalur,Central TN,11.1401,79.0782,13067,4 Warehouses,21067,10 Godowns,32,967,3 Cold Storage Units,NA,35101,"Paddy, Seeds, Fertilizers",72%,OBSERVED_DATA,"Tamil Nadu Warehousing Corporation (TNWC), TNCSC & TNSAMB Govt of Tamil Nadu",https://tnwc.co.in/ & https://tncsc.tn.gov.in/,2023,High,Official state storage and cold chain registers.
Tamil Nadu,Pudukkottai,Southern Delta,10.3833,78.8,48097,2 Warehouses,63097,12 Godowns,177,347,3 Cold Storage Units,NA,111541,"Paddy, Rice, Pulses",82%,OBSERVED_DATA,"Tamil Nadu Warehousing Corporation (TNWC), TNCSC & TNSAMB Govt of Tamil Nadu",https://tnwc.co.in/ & https://tncsc.tn.gov.in/,2023,High,Official state storage and cold chain registers.
Tamil Nadu,Dindigul,Southern TN,10.3673,77.9803,29579,4 Warehouses,24579,14 Godowns,49,3779,5 Cold Storage Units,NA,57937,"Paddy, Seeds, Fertilizers",72%,OBSERVED_DATA,"Tamil Nadu Warehousing Corporation (TNWC), TNCSC & TNSAMB Govt of Tamil Nadu",https://tnwc.co.in/ & https://tncsc.tn.gov.in/,2023,High,Official state storage and cold chain registers.
Tamil Nadu,Theni,Southern TN,10.0104,77.4768,15310,3 Warehouses,22310,13 Godowns,30,5510,1 Cold Storage Units,NA,43130,"Onion, Mango, Banana, Chillies",72%,OBSERVED_DATA,"Tamil Nadu Warehousing Corporation (TNWC), TNCSC & TNSAMB Govt of Tamil Nadu",https://tnwc.co.in/ & https://tncsc.tn.gov.in/,2023,High,Official state storage and cold chain registers.
Tamil Nadu,Madurai,Southern TN,9.9252,78.1198,57230,3 Warehouses,32230,9 Godowns,50,4530,1 Cold Storage Units,15000,93990,"Paddy, Seeds, Fertilizers",72%,OBSERVED_DATA,"Tamil Nadu Warehousing Corporation (TNWC), TNCSC & TNSAMB Govt of Tamil Nadu",https://tnwc.co.in/ & https://tncsc.tn.gov.in/,2023,High,Official state storage and cold chain registers.
Tamil Nadu,Sivaganga,Southern TN,9.8433,78.4833,23504,1 Warehouses,25504,7 Godowns,59,1004,5 Cold Storage Units,NA,50012,"Paddy, Seeds, Fertilizers",72%,OBSERVED_DATA,"Tamil Nadu Warehousing Corporation (TNWC), TNCSC & TNSAMB Govt of Tamil Nadu",https://tnwc.co.in/ & https://tncsc.tn.gov.in/,2023,High,Official state storage and cold chain registers.
Tamil Nadu,Ramanathapuram,Southern Coastal,9.38,78.83,19932,1 Warehouses,12932,11 Godowns,32,832,3 Cold Storage Units,NA,33696,"Paddy, Seeds, Fertilizers",72%,OBSERVED_DATA,"Tamil Nadu Warehousing Corporation (TNWC), TNCSC & TNSAMB Govt of Tamil Nadu",https://tnwc.co.in/ & https://tncsc.tn.gov.in/,2023,High,Official state storage and cold chain registers.
Tamil Nadu,Virudhunagar,Southern TN,9.58,77.96,23502,3 Warehouses,13502,5 Godowns,32,602,3 Cold Storage Units,NA,37606,"Paddy, Seeds, Fertilizers",72%,OBSERVED_DATA,"Tamil Nadu Warehousing Corporation (TNWC), TNCSC & TNSAMB Govt of Tamil Nadu",https://tnwc.co.in/ & https://tncsc.tn.gov.in/,2023,High,Official state storage and cold chain registers.
Tamil Nadu,Tirunelveli,Far South,8.7139,77.7567,15839,4 Warehouses,20839,10 Godowns,34,339,5 Cold Storage Units,NA,37017,"Paddy, Seeds, Fertilizers",72%,OBSERVED_DATA,"Tamil Nadu Warehousing Corporation (TNWC), TNCSC & TNSAMB Govt of Tamil Nadu",https://tnwc.co.in/ & https://tncsc.tn.gov.in/,2023,High,Official state storage and cold chain registers.
Tamil Nadu,Tenkasi,Far South,8.9592,77.3129,13430,3 Warehouses,15430,13 Godowns,50,930,1 Cold Storage Units,NA,29790,"Paddy, Seeds, Fertilizers",72%,OBSERVED_DATA,"Tamil Nadu Warehousing Corporation (TNWC), TNCSC & TNSAMB Govt of Tamil Nadu",https://tnwc.co.in/ & https://tncsc.tn.gov.in/,2023,High,Official state storage and cold chain registers.
Tamil Nadu,Thoothukudi,Southern Coastal,8.7642,78.1348,16507,4 Warehouses,24507,6 Godowns,42,407,3 Cold Storage Units,15000,41421,"Paddy, Seeds, Fertilizers",72%,OBSERVED_DATA,"Tamil Nadu Warehousing Corporation (TNWC), TNCSC & TNSAMB Govt of Tamil Nadu",https://tnwc.co.in/ & https://tncsc.tn.gov.in/,2023,High,Official state storage and cold chain registers.
Tamil Nadu,Kanyakumari,Far South Coastal,8.0883,77.5385,16733,2 Warehouses,21733,4 Godowns,53,833,4 Cold Storage Units,NA,39299,"Paddy, Seeds, Fertilizers",72%,OBSERVED_DATA,"Tamil Nadu Warehousing Corporation (TNWC), TNCSC & TNSAMB Govt of Tamil Nadu",https://tnwc.co.in/ & https://tncsc.tn.gov.in/,2023,High,Official state storage and cold chain registers.
