district_name,state_ut,node_type,latitude,longitude,crop_type,area_sown_hectares,historical_yield_tonnes,rainfall_deficit_pct,temp_anomaly_c,reservoir_level_pct,soil_moisture_index,current_stock_tonnes,projected_demand_tonnes,transport_disruption_pct,distance_to_nearest_hub_km,current_price_rs,vulnerable_population,data_category,source_name,source_url,confidence
Thanjavur,Tamil Nadu,Farm,10.787,79.1378,Paddy/Rice,38850,149999,18.2,1.8,45.0,0.38,39571,37593,12.0,23.0,48.0,240000,OBSERVED_DATA,"TN Public Works Dept (PWD), IMD, TNCSC & Min of Consumer Affairs",https://www.tn.gov.in/ & https://mausam.imd.gov.in/,High
Thanjavur,Tamil Nadu,Farm,10.787,79.1378,Blackgram/Urad,27720,21954,18.2,1.8,45.0,0.38,39571,37593,12.0,23.0,48.0,240000,OBSERVED_DATA,"TN Public Works Dept (PWD), IMD, TNCSC & Min of Consumer Affairs",https://www.tn.gov.in/ & https://mausam.imd.gov.in/,High
Thanjavur,Tamil Nadu,Farm,10.787,79.1378,Greengram/Moong,10440,7746,18.2,1.8,45.0,0.38,39571,37593,12.0,23.0,48.0,240000,OBSERVED_DATA,"TN Public Works Dept (PWD), IMD, TNCSC & Min of Consumer Affairs",https://www.tn.gov.in/ & https://mausam.imd.gov.in/,High
Thanjavur,Tamil Nadu,Farm,10.787,79.1378,Coconut,22099,214404,18.2,1.8,45.0,0.38,39571,37593,12.0,23.0,48.0,240000,OBSERVED_DATA,"TN Public Works Dept (PWD), IMD, TNCSC & Min of Consumer Affairs",https://www.tn.gov.in/ & https://mausam.imd.gov.in/,High
Tiruvarur,Tamil Nadu,Warehouse,10.7707,79.6365,Paddy/Rice,155400,593938,19.0,2.3,42.0,0.38,57831,54939,18.0,58.0,48.0,323853,OBSERVED_DATA,"TN Public Works Dept (PWD), IMD, TNCSC & Min of Consumer Affairs",https://www.tn.gov.in/ & https://mausam.imd.gov.in/,High
Tiruvarur,Tamil Nadu,Warehouse,10.7707,79.6365,Blackgram/Urad,11760,9219,19.0,2.3,42.0,0.38,57831,54939,18.0,58.0,48.0,323853,OBSERVED_DATA,"TN Public Works Dept (PWD), IMD, TNCSC & Min of Consumer Affairs",https://www.tn.gov.in/ & https://mausam.imd.gov.in/,High
Tiruvarur,Tamil Nadu,Warehouse,10.7707,79.6365,Greengram/Moong,3240,2381,19.0,2.3,42.0,0.38,57831,54939,18.0,58.0,48.0,323853,OBSERVED_DATA,"TN Public Works Dept (PWD), IMD, TNCSC & Min of Consumer Affairs",https://www.tn.gov.in/ & https://mausam.imd.gov.in/,High
Tiruvarur,Tamil Nadu,Warehouse,10.7707,79.6365,Coconut,39000,374556,19.0,2.3,42.0,0.38,57831,54939,18.0,58.0,48.0,323853,OBSERVED_DATA,"TN Public Works Dept (PWD), IMD, TNCSC & Min of Consumer Affairs",https://www.tn.gov.in/ & https://mausam.imd.gov.in/,High
Nagapattinam,Tamil Nadu,Warehouse,10.7672,79.8449,Paddy/Rice,105449,431813,21.0,1.0,38.0,0.38,62799,75359,10.0,15.0,50.0,362945,OBSERVED_DATA,"TN Public Works Dept (PWD), IMD, TNCSC & Min of Consumer Affairs",https://www.tn.gov.in/ & https://mausam.imd.gov.in/,High
Nagapattinam,Tamil Nadu,Warehouse,10.7672,79.8449,Blackgram/Urad,20160,16934,21.0,1.0,38.0,0.38,62799,75359,10.0,15.0,50.0,362945,OBSERVED_DATA,"TN Public Works Dept (PWD), IMD, TNCSC & Min of Consumer Affairs",https://www.tn.gov.in/ & https://mausam.imd.gov.in/,High
Nagapattinam,Tamil Nadu,Warehouse,10.7672,79.8449,Greengram/Moong,6119,4815,21.0,1.0,38.0,0.38,62799,75359,10.0,15.0,50.0,362945,OBSERVED_DATA,"TN Public Works Dept (PWD), IMD, TNCSC & Min of Consumer Affairs",https://www.tn.gov.in/ & https://mausam.imd.gov.in/,High
Nagapattinam,Tamil Nadu,Warehouse,10.7672,79.8449,Coconut,53300,548457,21.0,1.0,38.0,0.38,62799,75359,10.0,15.0,50.0,362945,OBSERVED_DATA,"TN Public Works Dept (PWD), IMD, TNCSC & Min of Consumer Affairs",https://www.tn.gov.in/ & https://mausam.imd.gov.in/,High
Mayiladuthurai,Tamil Nadu,Farm,11.1018,79.6521,Paddy/Rice,98050,359451,25.0,1.4,40.0,0.37,35271,42326,14.0,19.0,54.0,297069,OBSERVED_DATA,"TN Public Works Dept (PWD), IMD, TNCSC & Min of Consumer Affairs",https://www.tn.gov.in/ & https://mausam.imd.gov.in/,High
Mayiladuthurai,Tamil Nadu,Farm,11.1018,79.6521,Blackgram/Urad,17080,12844,25.0,1.4,40.0,0.37,35271,42326,14.0,19.0,54.0,297069,OBSERVED_DATA,"TN Public Works Dept (PWD), IMD, TNCSC & Min of Consumer Affairs",https://www.tn.gov.in/ & https://mausam.imd.gov.in/,High
Mayiladuthurai,Tamil Nadu,Farm,11.1018,79.6521,Greengram/Moong,7919,5582,25.0,1.4,40.0,0.37,35271,42326,14.0,19.0,54.0,297069,OBSERVED_DATA,"TN Public Works Dept (PWD), IMD, TNCSC & Min of Consumer Affairs",https://www.tn.gov.in/ & https://mausam.imd.gov.in/,High
Mayiladuthurai,Tamil Nadu,Farm,11.1018,79.6521,Coconut,20800,191609,25.0,1.4,40.0,0.37,35271,42326,14.0,19.0,54.0,297069,OBSERVED_DATA,"TN Public Works Dept (PWD), IMD, TNCSC & Min of Consumer Affairs",https://www.tn.gov.in/ & https://mausam.imd.gov.in/,High
Tiruchirappalli,Tamil Nadu,Warehouse,10.7905,78.7047,Banana,4255,160839,24.0,1.6,52.0,0.37,45891,55069,21.0,36.0,51.0,253196,OBSERVED_DATA,"TN Public Works Dept (PWD), IMD, TNCSC & Min of Consumer Affairs",https://www.tn.gov.in/ & https://mausam.imd.gov.in/,High
Tiruchirappalli,Tamil Nadu,Warehouse,10.7905,78.7047,Paddy/Rice,170200,597402,24.0,1.6,52.0,0.37,45891,55069,21.0,36.0,51.0,253196,OBSERVED_DATA,"TN Public Works Dept (PWD), IMD, TNCSC & Min of Consumer Affairs",https://www.tn.gov.in/ & https://mausam.imd.gov.in/,High
Tiruchirappalli,Tamil Nadu,Warehouse,10.7905,78.7047,Spices / Chillies,3610,6498,24.0,1.6,52.0,0.37,45891,55069,21.0,36.0,51.0,253196,OBSERVED_DATA,"TN Public Works Dept (PWD), IMD, TNCSC & Min of Consumer Affairs",https://www.tn.gov.in/ & https://mausam.imd.gov.in/,High
Tiruchirappalli,Tamil Nadu,Warehouse,10.7905,78.7047,Groundnut,30800,60984,24.0,1.6,52.0,0.37,45891,55069,21.0,36.0,51.0,253196,OBSERVED_DATA,"TN Public Works Dept (PWD), IMD, TNCSC & Min of Consumer Affairs",https://www.tn.gov.in/ & https://mausam.imd.gov.in/,High
Cuddalore,Tamil Nadu,Farm,11.748,79.7714,Paddy/Rice,81399,304757,20.0,2.4,39.0,0.38,19430,18458,9.0,59.0,49.0,219244,OBSERVED_DATA,"TN Public Works Dept (PWD), IMD, TNCSC & Min of Consumer Affairs",https://www.tn.gov.in/ & https://mausam.imd.gov.in/,High
Cuddalore,Tamil Nadu,Farm,11.748,79.7714,Coconut,51350,483100,20.0,2.4,39.0,0.38,19430,18458,9.0,59.0,49.0,219244,OBSERVED_DATA,"TN Public Works Dept (PWD), IMD, TNCSC & Min of Consumer Affairs",https://www.tn.gov.in/ & https://mausam.imd.gov.in/,High
Cuddalore,Tamil Nadu,Farm,11.748,79.7714,Groundnut,6300,13305,20.0,2.4,39.0,0.38,19430,18458,9.0,59.0,49.0,219244,OBSERVED_DATA,"TN Public Works Dept (PWD), IMD, TNCSC & Min of Consumer Affairs",https://www.tn.gov.in/ & https://mausam.imd.gov.in/,High
Cuddalore,Tamil Nadu,Farm,11.748,79.7714,Small Millets/Ragi,11850,18201,20.0,2.4,39.0,0.38,19430,18458,9.0,59.0,49.0,219244,OBSERVED_DATA,"TN Public Works Dept (PWD), IMD, TNCSC & Min of Consumer Affairs",https://www.tn.gov.in/ & https://mausam.imd.gov.in/,High
Viluppuram,Tamil Nadu,Farm,11.9401,79.4861,Paddy/Rice,157250,613275,27.0,1.0,50.0,0.37,19741,23689,20.0,30.0,50.0,300975,OBSERVED_DATA,"TN Public Works Dept (PWD), IMD, TNCSC & Min of Consumer Affairs",https://www.tn.gov.in/ & https://mausam.imd.gov.in/,High
Viluppuram,Tamil Nadu,Farm,11.9401,79.4861,Coconut,56550,554190,27.0,1.0,50.0,0.37,19741,23689,20.0,30.0,50.0,300975,OBSERVED_DATA,"TN Public Works Dept (PWD), IMD, TNCSC & Min of Consumer Affairs",https://www.tn.gov.in/ & https://mausam.imd.gov.in/,High
Viluppuram,Tamil Nadu,Farm,11.9401,79.4861,Groundnut,27650,60830,27.0,1.0,50.0,0.37,19741,23689,20.0,30.0,50.0,300975,OBSERVED_DATA,"TN Public Works Dept (PWD), IMD, TNCSC & Min of Consumer Affairs",https://www.tn.gov.in/ & https://mausam.imd.gov.in/,High
Viluppuram,Tamil Nadu,Farm,11.9401,79.4861,Small Millets/Ragi,12750,20400,27.0,1.0,50.0,0.37,19741,23689,20.0,30.0,50.0,300975,OBSERVED_DATA,"TN Public Works Dept (PWD), IMD, TNCSC & Min of Consumer Affairs",https://www.tn.gov.in/ & https://mausam.imd.gov.in/,High
Kallakurichi,Tamil Nadu,Farm,11.7384,78.9639,Paddy/Rice,59200,237806,29.0,2.1,66.0,0.36,18197,21837,16.0,41.0,46.0,157951,OBSERVED_DATA,"TN Public Works Dept (PWD), IMD, TNCSC & Min of Consumer Affairs",https://www.tn.gov.in/ & https://mausam.imd.gov.in/,High
Kallakurichi,Tamil Nadu,Farm,11.7384,78.9639,Coconut,49400,498643,29.0,2.1,66.0,0.36,18197,21837,16.0,41.0,46.0,157951,OBSERVED_DATA,"TN Public Works Dept (PWD), IMD, TNCSC & Min of Consumer Affairs",https://www.tn.gov.in/ & https://mausam.imd.gov.in/,High
Kallakurichi,Tamil Nadu,Farm,11.7384,78.9639,Groundnut,22400,50758,29.0,2.1,66.0,0.36,18197,21837,16.0,41.0,46.0,157951,OBSERVED_DATA,"TN Public Works Dept (PWD), IMD, TNCSC & Min of Consumer Affairs",https://www.tn.gov.in/ & https://mausam.imd.gov.in/,High
Kallakurichi,Tamil Nadu,Farm,11.7384,78.9639,Small Millets/Ragi,5250,8652,29.0,2.1,66.0,0.36,18197,21837,16.0,41.0,46.0,157951,OBSERVED_DATA,"TN Public Works Dept (PWD), IMD, TNCSC & Min of Consumer Affairs",https://www.tn.gov.in/ & https://mausam.imd.gov.in/,High
Tiruvannamalai,Tamil Nadu,Farm,12.2253,79.0747,Paddy/Rice,57350,234848,21.0,1.3,58.0,0.38,18362,22034,8.0,33.0,48.0,272543,OBSERVED_DATA,"TN Public Works Dept (PWD), IMD, TNCSC & Min of Consumer Affairs",https://www.tn.gov.in/ & https://mausam.imd.gov.in/,High
Tiruvannamalai,Tamil Nadu,Farm,12.2253,79.0747,Coconut,10400,107016,21.0,1.3,58.0,0.38,18362,22034,8.0,33.0,48.0,272543,OBSERVED_DATA,"TN Public Works Dept (PWD), IMD, TNCSC & Min of Consumer Affairs",https://www.tn.gov.in/ & https://mausam.imd.gov.in/,High
Tiruvannamalai,Tamil Nadu,Farm,12.2253,79.0747,Groundnut,14700,33957,21.0,1.3,58.0,0.38,18362,22034,8.0,33.0,48.0,272543,OBSERVED_DATA,"TN Public Works Dept (PWD), IMD, TNCSC & Min of Consumer Affairs",https://www.tn.gov.in/ & https://mausam.imd.gov.in/,High
Tiruvannamalai,Tamil Nadu,Farm,12.2253,79.0747,Small Millets/Ragi,3449,5794,21.0,1.3,58.0,0.38,18362,22034,8.0,33.0,48.0,272543,OBSERVED_DATA,"TN Public Works Dept (PWD), IMD, TNCSC & Min of Consumer Affairs",https://www.tn.gov.in/ & https://mausam.imd.gov.in/,High
Vellore,Tamil Nadu,Farm,12.9165,79.1325,Paddy/Rice,136900,528570,24.0,1.6,41.0,0.37,17742,21290,11.0,36.0,51.0,426206,OBSERVED_DATA,"TN Public Works Dept (PWD), IMD, TNCSC & Min of Consumer Affairs",https://www.tn.gov.in/ & https://mausam.imd.gov.in/,High
Vellore,Tamil Nadu,Farm,12.9165,79.1325,Coconut,48750,472972,24.0,1.6,41.0,0.37,17742,21290,11.0,36.0,51.0,426206,OBSERVED_DATA,"TN Public Works Dept (PWD), IMD, TNCSC & Min of Consumer Affairs",https://www.tn.gov.in/ & https://mausam.imd.gov.in/,High
Vellore,Tamil Nadu,Farm,12.9165,79.1325,Groundnut,30450,66320,24.0,1.6,41.0,0.37,17742,21290,11.0,36.0,51.0,426206,OBSERVED_DATA,"TN Public Works Dept (PWD), IMD, TNCSC & Min of Consumer Affairs",https://www.tn.gov.in/ & https://mausam.imd.gov.in/,High
Vellore,Tamil Nadu,Farm,12.9165,79.1325,Small Millets/Ragi,5850,9266,24.0,1.6,41.0,0.37,17742,21290,11.0,36.0,51.0,426206,OBSERVED_DATA,"TN Public Works Dept (PWD), IMD, TNCSC & Min of Consumer Affairs",https://www.tn.gov.in/ & https://mausam.imd.gov.in/,High
Ranipet,Tamil Nadu,Farm,12.9224,79.3331,Paddy/Rice,46250,183982,22.0,1.7,57.0,0.38,19456,23347,7.0,52.0,47.0,292022,OBSERVED_DATA,"TN Public Works Dept (PWD), IMD, TNCSC & Min of Consumer Affairs",https://www.tn.gov.in/ & https://mausam.imd.gov.in/,High
Ranipet,Tamil Nadu,Farm,12.9224,79.3331,Coconut,10400,103958,22.0,1.7,57.0,0.38,19456,23347,7.0,52.0,47.0,292022,OBSERVED_DATA,"TN Public Works Dept (PWD), IMD, TNCSC & Min of Consumer Affairs",https://www.tn.gov.in/ & https://mausam.imd.gov.in/,High
Ranipet,Tamil Nadu,Farm,12.9224,79.3331,Groundnut,30800,69115,22.0,1.7,57.0,0.38,19456,23347,7.0,52.0,47.0,292022,OBSERVED_DATA,"TN Public Works Dept (PWD), IMD, TNCSC & Min of Consumer Affairs",https://www.tn.gov.in/ & https://mausam.imd.gov.in/,High
Ranipet,Tamil Nadu,Farm,12.9224,79.3331,Small Millets/Ragi,11100,18115,22.0,1.7,57.0,0.38,19456,23347,7.0,52.0,47.0,292022,OBSERVED_DATA,"TN Public Works Dept (PWD), IMD, TNCSC & Min of Consumer Affairs",https://www.tn.gov.in/ & https://mausam.imd.gov.in/,High
Tirupathur,Tamil Nadu,Farm,12.4925,78.5678,Paddy/Rice,99900,381817,28.0,2.3,63.0,0.36,17947,21537,13.0,58.0,53.0,203348,OBSERVED_DATA,"TN Public Works Dept (PWD), IMD, TNCSC & Min of Consumer Affairs",https://www.tn.gov.in/ & https://mausam.imd.gov.in/,High
Tirupathur,Tamil Nadu,Farm,12.4925,78.5678,Coconut,59800,574319,28.0,2.3,63.0,0.36,17947,21537,13.0,58.0,53.0,203348,OBSERVED_DATA,"TN Public Works Dept (PWD), IMD, TNCSC & Min of Consumer Affairs",https://www.tn.gov.in/ & https://mausam.imd.gov.in/,High
Tirupathur,Tamil Nadu,Farm,12.4925,78.5678,Groundnut,23450,50558,28.0,2.3,63.0,0.36,17947,21537,13.0,58.0,53.0,203348,OBSERVED_DATA,"TN Public Works Dept (PWD), IMD, TNCSC & Min of Consumer Affairs",https://www.tn.gov.in/ & https://mausam.imd.gov.in/,High
Tirupathur,Tamil Nadu,Farm,12.4925,78.5678,Small Millets/Ragi,4500,7056,28.0,2.3,63.0,0.36,17947,21537,13.0,58.0,53.0,203348,OBSERVED_DATA,"TN Public Works Dept (PWD), IMD, TNCSC & Min of Consumer Affairs",https://www.tn.gov.in/ & https://mausam.imd.gov.in/,High
Kanchipuram,Tamil Nadu,Farm,12.8342,79.7036,Paddy/Rice,116550,409090,26.0,1.5,60.0,0.37,17604,21124,5.0,20.0,45.0,199240,OBSERVED_DATA,"TN Public Works Dept (PWD), IMD, TNCSC & Min of Consumer Affairs",https://www.tn.gov.in/ & https://mausam.imd.gov.in/,High
Kanchipuram,Tamil Nadu,Farm,12.8342,79.7036,Coconut,57200,504504,26.0,1.5,60.0,0.37,17604,21124,5.0,20.0,45.0,199240,OBSERVED_DATA,"TN Public Works Dept (PWD), IMD, TNCSC & Min of Consumer Affairs",https://www.tn.gov.in/ & https://mausam.imd.gov.in/,High
Kanchipuram,Tamil Nadu,Farm,12.8342,79.7036,Groundnut,9800,19404,26.0,1.5,60.0,0.37,17604,21124,5.0,20.0,45.0,199240,OBSERVED_DATA,"TN Public Works Dept (PWD), IMD, TNCSC & Min of Consumer Affairs",https://www.tn.gov.in/ & https://mausam.imd.gov.in/,High
Kanchipuram,Tamil Nadu,Farm,12.8342,79.7036,Small Millets/Ragi,12000,17280,26.0,1.5,60.0,0.37,17604,21124,5.0,20.0,45.0,199240,OBSERVED_DATA,"TN Public Works Dept (PWD), IMD, TNCSC & Min of Consumer Affairs",https://www.tn.gov.in/ & https://mausam.imd.gov.in/,High
Chengalpattu,Tamil Nadu,Farm,12.6819,79.9888,Paddy/Rice,101750,408729,24.0,2.4,32.0,0.37,19664,23597,25.0,25.0,52.0,410000,OBSERVED_DATA,"TN Public Works Dept (PWD), IMD, TNCSC & Min of Consumer Affairs",https://www.tn.gov.in/ & https://mausam.imd.gov.in/,High
Chengalpattu,Tamil Nadu,Farm,12.6819,79.9888,Coconut,25350,255882,24.0,2.4,32.0,0.37,19664,23597,25.0,25.0,52.0,410000,OBSERVED_DATA,"TN Public Works Dept (PWD), IMD, TNCSC & Min of Consumer Affairs",https://www.tn.gov.in/ & https://mausam.imd.gov.in/,High
Chengalpattu,Tamil Nadu,Farm,12.6819,79.9888,Groundnut,5600,12689,24.0,2.4,32.0,0.37,19664,23597,25.0,25.0,52.0,410000,OBSERVED_DATA,"TN Public Works Dept (PWD), IMD, TNCSC & Min of Consumer Affairs",https://www.tn.gov.in/ & https://mausam.imd.gov.in/,High
Chengalpattu,Tamil Nadu,Farm,12.6819,79.9888,Small Millets/Ragi,10800,17798,24.0,2.4,32.0,0.37,19664,23597,25.0,25.0,52.0,410000,OBSERVED_DATA,"TN Public Works Dept (PWD), IMD, TNCSC & Min of Consumer Affairs",https://www.tn.gov.in/ & https://mausam.imd.gov.in/,High
Tiruvallur,Tamil Nadu,Farm,13.1432,79.908,Paddy/Rice,149850,543505,18.0,2.2,58.0,0.38,22090,20985,17.0,57.0,47.0,366852,OBSERVED_DATA,"TN Public Works Dept (PWD), IMD, TNCSC & Min of Consumer Affairs",https://www.tn.gov.in/ & https://mausam.imd.gov.in/,High
Tiruvallur,Tamil Nadu,Farm,13.1432,79.908,Coconut,53300,485776,18.0,2.2,58.0,0.38,22090,20985,17.0,57.0,47.0,366852,OBSERVED_DATA,"TN Public Works Dept (PWD), IMD, TNCSC & Min of Consumer Affairs",https://www.tn.gov.in/ & https://mausam.imd.gov.in/,High
Tiruvallur,Tamil Nadu,Farm,13.1432,79.908,Groundnut,8049,16468,18.0,2.2,58.0,0.38,22090,20985,17.0,57.0,47.0,366852,OBSERVED_DATA,"TN Public Works Dept (PWD), IMD, TNCSC & Min of Consumer Affairs",https://www.tn.gov.in/ & https://mausam.imd.gov.in/,High
Tiruvallur,Tamil Nadu,Farm,13.1432,79.908,Small Millets/Ragi,2549,3792,18.0,2.2,58.0,0.38,22090,20985,17.0,57.0,47.0,366852,OBSERVED_DATA,"TN Public Works Dept (PWD), IMD, TNCSC & Min of Consumer Affairs",https://www.tn.gov.in/ & https://mausam.imd.gov.in/,High
Chennai,Tamil Nadu,Farm,13.0827,80.2707,Paddy/Rice,109150,417171,22.0,1.7,57.0,0.38,19909,23891,7.0,52.0,47.0,183222,OBSERVED_DATA,"TN Public Works Dept (PWD), IMD, TNCSC & Min of Consumer Affairs",https://www.tn.gov.in/ & https://mausam.imd.gov.in/,High
Chennai,Tamil Nadu,Farm,13.0827,80.2707,Coconut,18850,181035,22.0,1.7,57.0,0.38,19909,23891,7.0,52.0,47.0,183222,OBSERVED_DATA,"TN Public Works Dept (PWD), IMD, TNCSC & Min of Consumer Affairs",https://www.tn.gov.in/ & https://mausam.imd.gov.in/,High
Chennai,Tamil Nadu,Farm,13.0827,80.2707,Groundnut,6650,14337,22.0,1.7,57.0,0.38,19909,23891,7.0,52.0,47.0,183222,OBSERVED_DATA,"TN Public Works Dept (PWD), IMD, TNCSC & Min of Consumer Affairs",https://www.tn.gov.in/ & https://mausam.imd.gov.in/,High
Chennai,Tamil Nadu,Farm,13.0827,80.2707,Small Millets/Ragi,4350,6820,22.0,1.7,57.0,0.38,19909,23891,7.0,52.0,47.0,183222,OBSERVED_DATA,"TN Public Works Dept (PWD), IMD, TNCSC & Min of Consumer Affairs",https://www.tn.gov.in/ & https://mausam.imd.gov.in/,High
Salem,Tamil Nadu,Warehouse,11.6643,78.146,Tapioca,3720,94785,17.0,2.1,48.0,0.39,41257,39194,6.0,56.0,46.0,103761,OBSERVED_DATA,"TN Public Works Dept (PWD), IMD, TNCSC & Min of Consumer Affairs",https://www.tn.gov.in/ & https://mausam.imd.gov.in/,High
Salem,Tamil Nadu,Warehouse,11.6643,78.146,Onion (Shallots),7810,85285,17.0,2.1,48.0,0.39,41257,39194,6.0,56.0,46.0,103761,OBSERVED_DATA,"TN Public Works Dept (PWD), IMD, TNCSC & Min of Consumer Affairs",https://www.tn.gov.in/ & https://mausam.imd.gov.in/,High
Salem,Tamil Nadu,Warehouse,11.6643,78.146,Sugarcane,31500,2350530,17.0,2.1,48.0,0.39,41257,39194,6.0,56.0,46.0,103761,OBSERVED_DATA,"TN Public Works Dept (PWD), IMD, TNCSC & Min of Consumer Affairs",https://www.tn.gov.in/ & https://mausam.imd.gov.in/,High
Salem,Tamil Nadu,Warehouse,11.6643,78.146,Maize,4000,16380,17.0,2.1,48.0,0.39,41257,39194,6.0,56.0,46.0,103761,OBSERVED_DATA,"TN Public Works Dept (PWD), IMD, TNCSC & Min of Consumer Affairs",https://www.tn.gov.in/ & https://mausam.imd.gov.in/,High
Namakkal,Tamil Nadu,Farm,11.2189,78.1674,Tapioca,10800,311472,17.0,1.5,70.0,0.39,16145,15338,20.0,20.0,50.0,294275,OBSERVED_DATA,"TN Public Works Dept (PWD), IMD, TNCSC & Min of Consumer Affairs",https://www.tn.gov.in/ & https://mausam.imd.gov.in/,High
Namakkal,Tamil Nadu,Farm,11.2189,78.1674,Onion (Shallots),8140,100610,17.0,1.5,70.0,0.39,16145,15338,20.0,20.0,50.0,294275,OBSERVED_DATA,"TN Public Works Dept (PWD), IMD, TNCSC & Min of Consumer Affairs",https://www.tn.gov.in/ & https://mausam.imd.gov.in/,High
Namakkal,Tamil Nadu,Farm,11.2189,78.1674,Sugarcane,38220,3228061,17.0,1.5,70.0,0.39,16145,15338,20.0,20.0,50.0,294275,OBSERVED_DATA,"TN Public Works Dept (PWD), IMD, TNCSC & Min of Consumer Affairs",https://www.tn.gov.in/ & https://mausam.imd.gov.in/,High
Namakkal,Tamil Nadu,Farm,11.2189,78.1674,Maize,19250,89223,17.0,1.5,70.0,0.39,16145,15338,20.0,20.0,50.0,294275,OBSERVED_DATA,"TN Public Works Dept (PWD), IMD, TNCSC & Min of Consumer Affairs",https://www.tn.gov.in/ & https://mausam.imd.gov.in/,High
Erode,Tamil Nadu,Farm,11.341,77.7172,Paddy/Rice,40700,161904,22.0,1.4,62.0,0.38,21499,25799,9.0,34.0,49.0,182924,OBSERVED_DATA,"TN Public Works Dept (PWD), IMD, TNCSC & Min of Consumer Affairs",https://www.tn.gov.in/ & https://mausam.imd.gov.in/,High
Erode,Tamil Nadu,Farm,11.341,77.7172,Coconut,24700,246901,22.0,1.4,62.0,0.38,21499,25799,9.0,34.0,49.0,182924,OBSERVED_DATA,"TN Public Works Dept (PWD), IMD, TNCSC & Min of Consumer Affairs",https://www.tn.gov.in/ & https://mausam.imd.gov.in/,High
Erode,Tamil Nadu,Farm,11.341,77.7172,Groundnut,16450,36913,22.0,1.4,62.0,0.38,21499,25799,9.0,34.0,49.0,182924,OBSERVED_DATA,"TN Public Works Dept (PWD), IMD, TNCSC & Min of Consumer Affairs",https://www.tn.gov.in/ & https://mausam.imd.gov.in/,High
Erode,Tamil Nadu,Farm,11.341,77.7172,Small Millets/Ragi,3150,5140,22.0,1.4,62.0,0.38,21499,25799,9.0,34.0,49.0,182924,OBSERVED_DATA,"TN Public Works Dept (PWD), IMD, TNCSC & Min of Consumer Affairs",https://www.tn.gov.in/ & https://mausam.imd.gov.in/,High
Tiruppur,Tamil Nadu,Farm,11.1085,77.3411,Paddy/Rice,146150,564285,28.0,2.0,55.0,0.36,13521,16225,15.0,40.0,45.0,333810,OBSERVED_DATA,"TN Public Works Dept (PWD), IMD, TNCSC & Min of Consumer Affairs",https://www.tn.gov.in/ & https://mausam.imd.gov.in/,High
Tiruppur,Tamil Nadu,Farm,11.1085,77.3411,Coconut,41600,403603,28.0,2.0,55.0,0.36,13521,16225,15.0,40.0,45.0,333810,OBSERVED_DATA,"TN Public Works Dept (PWD), IMD, TNCSC & Min of Consumer Affairs",https://www.tn.gov.in/ & https://mausam.imd.gov.in/,High
Tiruppur,Tamil Nadu,Farm,11.1085,77.3411,Groundnut,32900,71656,28.0,2.0,55.0,0.36,13521,16225,15.0,40.0,45.0,333810,OBSERVED_DATA,"TN Public Works Dept (PWD), IMD, TNCSC & Min of Consumer Affairs",https://www.tn.gov.in/ & https://mausam.imd.gov.in/,High
Tiruppur,Tamil Nadu,Farm,11.1085,77.3411,Small Millets/Ragi,11400,18057,28.0,2.0,55.0,0.36,13521,16225,15.0,40.0,45.0,333810,OBSERVED_DATA,"TN Public Works Dept (PWD), IMD, TNCSC & Min of Consumer Affairs",https://www.tn.gov.in/ & https://mausam.imd.gov.in/,High
Coimbatore,Tamil Nadu,Farm,11.0168,76.9558,Paddy/Rice,112850,470923,27.0,1.3,65.0,0.37,34249,41099,18.0,48.0,48.0,388633,OBSERVED_DATA,"TN Public Works Dept (PWD), IMD, TNCSC & Min of Consumer Affairs",https://www.tn.gov.in/ & https://mausam.imd.gov.in/,High
Coimbatore,Tamil Nadu,Farm,11.0168,76.9558,Coconut,55900,586167,27.0,1.3,65.0,0.37,34249,41099,18.0,48.0,48.0,388633,OBSERVED_DATA,"TN Public Works Dept (PWD), IMD, TNCSC & Min of Consumer Affairs",https://www.tn.gov.in/ & https://mausam.imd.gov.in/,High
Coimbatore,Tamil Nadu,Farm,11.0168,76.9558,Groundnut,31150,73327,27.0,1.3,65.0,0.37,34249,41099,18.0,48.0,48.0,388633,OBSERVED_DATA,"TN Public Works Dept (PWD), IMD, TNCSC & Min of Consumer Affairs",https://www.tn.gov.in/ & https://mausam.imd.gov.in/,High
Coimbatore,Tamil Nadu,Farm,11.0168,76.9558,Small Millets/Ragi,6450,11042,27.0,1.3,65.0,0.37,34249,41099,18.0,48.0,48.0,388633,OBSERVED_DATA,"TN Public Works Dept (PWD), IMD, TNCSC & Min of Consumer Affairs",https://www.tn.gov.in/ & https://mausam.imd.gov.in/,High
Nilgiris,Tamil Nadu,Farm,11.4916,76.7337,Paddy/Rice,74000,285714,12.0,1.0,65.0,0.4,18075,17171,15.0,15.0,45.0,297750,OBSERVED_DATA,"TN Public Works Dept (PWD), IMD, TNCSC & Min of Consumer Affairs",https://www.tn.gov.in/ & https://mausam.imd.gov.in/,High
Nilgiris,Tamil Nadu,Farm,11.4916,76.7337,Coconut,46150,447747,12.0,1.0,65.0,0.4,18075,17171,15.0,15.0,45.0,297750,OBSERVED_DATA,"TN Public Works Dept (PWD), IMD, TNCSC & Min of Consumer Affairs",https://www.tn.gov.in/ & https://mausam.imd.gov.in/,High
Nilgiris,Tamil Nadu,Farm,11.4916,76.7337,Groundnut,9450,20582,12.0,1.0,65.0,0.4,18075,17171,15.0,15.0,45.0,297750,OBSERVED_DATA,"TN Public Works Dept (PWD), IMD, TNCSC & Min of Consumer Affairs",https://www.tn.gov.in/ & https://mausam.imd.gov.in/,High
Nilgiris,Tamil Nadu,Farm,11.4916,76.7337,Small Millets/Ragi,8850,14018,12.0,1.0,65.0,0.4,18075,17171,15.0,15.0,45.0,297750,OBSERVED_DATA,"TN Public Works Dept (PWD), IMD, TNCSC & Min of Consumer Affairs",https://www.tn.gov.in/ & https://mausam.imd.gov.in/,High
Dharmapuri,Tamil Nadu,Farm,12.1211,78.1582,Tapioca,11040,327667,28.0,1.4,49.0,0.36,11622,13947,19.0,49.0,49.0,180614,OBSERVED_DATA,"TN Public Works Dept (PWD), IMD, TNCSC & Min of Consumer Affairs",https://www.tn.gov.in/ & https://mausam.imd.gov.in/,High
Dharmapuri,Tamil Nadu,Farm,12.1211,78.1582,Onion (Shallots),7150,90948,28.0,1.4,49.0,0.36,11622,13947,19.0,49.0,49.0,180614,OBSERVED_DATA,"TN Public Works Dept (PWD), IMD, TNCSC & Min of Consumer Affairs",https://www.tn.gov.in/ & https://mausam.imd.gov.in/,High
Dharmapuri,Tamil Nadu,Farm,12.1211,78.1582,Sugarcane,21840,1898332,28.0,1.4,49.0,0.36,11622,13947,19.0,49.0,49.0,180614,OBSERVED_DATA,"TN Public Works Dept (PWD), IMD, TNCSC & Min of Consumer Affairs",https://www.tn.gov.in/ & https://mausam.imd.gov.in/,High
Dharmapuri,Tamil Nadu,Farm,12.1211,78.1582,Maize,13000,62010,28.0,1.4,49.0,0.36,11622,13947,19.0,49.0,49.0,180614,OBSERVED_DATA,"TN Public Works Dept (PWD), IMD, TNCSC & Min of Consumer Affairs",https://www.tn.gov.in/ & https://mausam.imd.gov.in/,High
Krishnagiri,Tamil Nadu,Farm,12.5186,78.2137,Paddy/Rice,62899,242853,13.0,1.7,52.0,0.39,18552,17624,22.0,52.0,52.0,133417,OBSERVED_DATA,"TN Public Works Dept (PWD), IMD, TNCSC & Min of Consumer Affairs",https://www.tn.gov.in/ & https://mausam.imd.gov.in/,High
Krishnagiri,Tamil Nadu,Farm,12.5186,78.2137,Coconut,46150,447747,13.0,1.7,52.0,0.39,18552,17624,22.0,52.0,52.0,133417,OBSERVED_DATA,"TN Public Works Dept (PWD), IMD, TNCSC & Min of Consumer Affairs",https://www.tn.gov.in/ & https://mausam.imd.gov.in/,High
Krishnagiri,Tamil Nadu,Farm,12.5186,78.2137,Groundnut,15050,32778,13.0,1.7,52.0,0.39,18552,17624,22.0,52.0,52.0,133417,OBSERVED_DATA,"TN Public Works Dept (PWD), IMD, TNCSC & Min of Consumer Affairs",https://www.tn.gov.in/ & https://mausam.imd.gov.in/,High
Krishnagiri,Tamil Nadu,Farm,12.5186,78.2137,Small Millets/Ragi,13500,21384,13.0,1.7,52.0,0.39,18552,17624,22.0,52.0,52.0,133417,OBSERVED_DATA,"TN Public Works Dept (PWD), IMD, TNCSC & Min of Consumer Affairs",https://www.tn.gov.in/ & https://mausam.imd.gov.in/,High
Karur,Tamil Nadu,Farm,10.9601,78.0766,Paddy/Rice,44400,174891,23.0,2.1,66.0,0.37,19337,23205,16.0,26.0,46.0,387231,OBSERVED_DATA,"TN Public Works Dept (PWD), IMD, TNCSC & Min of Consumer Affairs",https://www.tn.gov.in/ & https://mausam.imd.gov.in/,High
Karur,Tamil Nadu,Farm,10.9601,78.0766,Coconut,41600,411756,23.0,2.1,66.0,0.37,19337,23205,16.0,26.0,46.0,387231,OBSERVED_DATA,"TN Public Works Dept (PWD), IMD, TNCSC & Min of Consumer Affairs",https://www.tn.gov.in/ & https://mausam.imd.gov.in/,High
Karur,Tamil Nadu,Farm,10.9601,78.0766,Groundnut,19250,42773,23.0,2.1,66.0,0.37,19337,23205,16.0,26.0,46.0,387231,OBSERVED_DATA,"TN Public Works Dept (PWD), IMD, TNCSC & Min of Consumer Affairs",https://www.tn.gov.in/ & https://mausam.imd.gov.in/,High
Karur,Tamil Nadu,Farm,10.9601,78.0766,Small Millets/Ragi,9450,15271,23.0,2.1,66.0,0.37,19337,23205,16.0,26.0,46.0,387231,OBSERVED_DATA,"TN Public Works Dept (PWD), IMD, TNCSC & Min of Consumer Affairs",https://www.tn.gov.in/ & https://mausam.imd.gov.in/,High
Perambalur,Tamil Nadu,Farm,11.2342,78.882,Maize,15750,64496,13.0,1.1,46.0,0.39,22042,20940,16.0,16.0,46.0,324891,OBSERVED_DATA,"TN Public Works Dept (PWD), IMD, TNCSC & Min of Consumer Affairs",https://www.tn.gov.in/ & https://mausam.imd.gov.in/,High
Perambalur,Tamil Nadu,Farm,11.2342,78.882,Onion (Shallots),8250,90090,13.0,1.1,46.0,0.39,22042,20940,16.0,16.0,46.0,324891,OBSERVED_DATA,"TN Public Works Dept (PWD), IMD, TNCSC & Min of Consumer Affairs",https://www.tn.gov.in/ & https://mausam.imd.gov.in/,High
Perambalur,Tamil Nadu,Farm,11.2342,78.882,Cotton,9100,5796,13.0,1.1,46.0,0.39,22042,20940,16.0,16.0,46.0,324891,OBSERVED_DATA,"TN Public Works Dept (PWD), IMD, TNCSC & Min of Consumer Affairs",https://www.tn.gov.in/ & https://mausam.imd.gov.in/,High
Perambalur,Tamil Nadu,Farm,11.2342,78.882,Groundnut,24850,49749,13.0,1.1,46.0,0.39,22042,20940,16.0,16.0,46.0,324891,OBSERVED_DATA,"TN Public Works Dept (PWD), IMD, TNCSC & Min of Consumer Affairs",https://www.tn.gov.in/ & https://mausam.imd.gov.in/,High
Ariyalur,Tamil Nadu,Farm,11.1401,79.0782,Paddy/Rice,183150,692856,16.0,2.0,45.0,0.39,15795,15005,15.0,55.0,45.0,261010,OBSERVED_DATA,"TN Public Works Dept (PWD), IMD, TNCSC & Min of Consumer Affairs",https://www.tn.gov.in/ & https://mausam.imd.gov.in/,High
Ariyalur,Tamil Nadu,Farm,11.1401,79.0782,Coconut,31850,302766,16.0,2.0,45.0,0.39,15795,15005,15.0,55.0,45.0,261010,OBSERVED_DATA,"TN Public Works Dept (PWD), IMD, TNCSC & Min of Consumer Affairs",https://www.tn.gov.in/ & https://mausam.imd.gov.in/,High
Ariyalur,Tamil Nadu,Farm,11.1401,79.0782,Groundnut,29400,62739,16.0,2.0,45.0,0.39,15795,15005,15.0,55.0,45.0,261010,OBSERVED_DATA,"TN Public Works Dept (PWD), IMD, TNCSC & Min of Consumer Affairs",https://www.tn.gov.in/ & https://mausam.imd.gov.in/,High
Ariyalur,Tamil Nadu,Farm,11.1401,79.0782,Small Millets/Ragi,7800,12105,16.0,2.0,45.0,0.39,15795,15005,15.0,55.0,45.0,261010,OBSERVED_DATA,"TN Public Works Dept (PWD), IMD, TNCSC & Min of Consumer Affairs",https://www.tn.gov.in/ & https://mausam.imd.gov.in/,High
Pudukkottai,Tamil Nadu,Warehouse,10.3833,78.8,Paddy/Rice,109150,455482,19.0,2.3,58.0,0.38,50193,47683,8.0,58.0,48.0,324343,OBSERVED_DATA,"TN Public Works Dept (PWD), IMD, TNCSC & Min of Consumer Affairs",https://www.tn.gov.in/ & https://mausam.imd.gov.in/,High
Pudukkottai,Tamil Nadu,Warehouse,10.3833,78.8,Blackgram/Urad,14000,11984,19.0,2.3,58.0,0.38,50193,47683,8.0,58.0,48.0,324343,OBSERVED_DATA,"TN Public Works Dept (PWD), IMD, TNCSC & Min of Consumer Affairs",https://www.tn.gov.in/ & https://mausam.imd.gov.in/,High
Pudukkottai,Tamil Nadu,Warehouse,10.3833,78.8,Greengram/Moong,7560,6063,19.0,2.3,58.0,0.38,50193,47683,8.0,58.0,48.0,324343,OBSERVED_DATA,"TN Public Works Dept (PWD), IMD, TNCSC & Min of Consumer Affairs",https://www.tn.gov.in/ & https://mausam.imd.gov.in/,High
Pudukkottai,Tamil Nadu,Warehouse,10.3833,78.8,Coconut,46800,490744,19.0,2.3,58.0,0.38,50193,47683,8.0,58.0,48.0,324343,OBSERVED_DATA,"TN Public Works Dept (PWD), IMD, TNCSC & Min of Consumer Affairs",https://www.tn.gov.in/ & https://mausam.imd.gov.in/,High
Dindigul,Tamil Nadu,Farm,10.3673,77.9803,Paddy/Rice,109150,463996,23.0,1.8,58.0,0.37,26071,31285,18.0,53.0,48.0,353893,OBSERVED_DATA,"TN Public Works Dept (PWD), IMD, TNCSC & Min of Consumer Affairs",https://www.tn.gov.in/ & https://mausam.imd.gov.in/,High
Dindigul,Tamil Nadu,Farm,10.3673,77.9803,Coconut,48750,520747,23.0,1.8,58.0,0.37,26071,31285,18.0,53.0,48.0,353893,OBSERVED_DATA,"TN Public Works Dept (PWD), IMD, TNCSC & Min of Consumer Affairs",https://www.tn.gov.in/ & https://mausam.imd.gov.in/,High
Dindigul,Tamil Nadu,Farm,10.3673,77.9803,Groundnut,6300,15107,23.0,1.8,58.0,0.37,26071,31285,18.0,53.0,48.0,353893,OBSERVED_DATA,"TN Public Works Dept (PWD), IMD, TNCSC & Min of Consumer Affairs",https://www.tn.gov.in/ & https://mausam.imd.gov.in/,High
Dindigul,Tamil Nadu,Farm,10.3673,77.9803,Small Millets/Ragi,4650,8109,23.0,1.8,58.0,0.37,26071,31285,18.0,53.0,48.0,353893,OBSERVED_DATA,"TN Public Works Dept (PWD), IMD, TNCSC & Min of Consumer Affairs",https://www.tn.gov.in/ & https://mausam.imd.gov.in/,High
Theni,Tamil Nadu,Farm,10.0104,77.4768,Banana,3330,139860,29.0,1.5,72.0,0.36,19408,23290,20.0,50.0,50.0,192855,OBSERVED_DATA,"TN Public Works Dept (PWD), IMD, TNCSC & Min of Consumer Affairs",https://www.tn.gov.in/ & https://mausam.imd.gov.in/,High
Theni,Tamil Nadu,Farm,10.0104,77.4768,Paddy/Rice,61049,238091,29.0,1.5,72.0,0.36,19408,23290,20.0,50.0,50.0,192855,OBSERVED_DATA,"TN Public Works Dept (PWD), IMD, TNCSC & Min of Consumer Affairs",https://www.tn.gov.in/ & https://mausam.imd.gov.in/,High
Theni,Tamil Nadu,Farm,10.0104,77.4768,Spices / Chillies,2185,4370,29.0,1.5,72.0,0.36,19408,23290,20.0,50.0,50.0,192855,OBSERVED_DATA,"TN Public Works Dept (PWD), IMD, TNCSC & Min of Consumer Affairs",https://www.tn.gov.in/ & https://mausam.imd.gov.in/,High
Theni,Tamil Nadu,Farm,10.0104,77.4768,Groundnut,12250,26950,29.0,1.5,72.0,0.36,19408,23290,20.0,50.0,50.0,192855,OBSERVED_DATA,"TN Public Works Dept (PWD), IMD, TNCSC & Min of Consumer Affairs",https://www.tn.gov.in/ & https://mausam.imd.gov.in/,High
Madurai,Tamil Nadu,Warehouse,9.9252,78.1198,Paddy/Rice,101750,396825,8.5,1.2,68.0,0.4,42295,40180,5.0,39.0,46.0,150000,OBSERVED_DATA,"TN Public Works Dept (PWD), IMD, TNCSC & Min of Consumer Affairs",https://www.tn.gov.in/ & https://mausam.imd.gov.in/,High
Madurai,Tamil Nadu,Warehouse,9.9252,78.1198,Coconut,44200,433160,8.5,1.2,68.0,0.4,42295,40180,5.0,39.0,46.0,150000,OBSERVED_DATA,"TN Public Works Dept (PWD), IMD, TNCSC & Min of Consumer Affairs",https://www.tn.gov.in/ & https://mausam.imd.gov.in/,High
Madurai,Tamil Nadu,Warehouse,9.9252,78.1198,Groundnut,22400,49280,8.5,1.2,68.0,0.4,42295,40180,5.0,39.0,46.0,150000,OBSERVED_DATA,"TN Public Works Dept (PWD), IMD, TNCSC & Min of Consumer Affairs",https://www.tn.gov.in/ & https://mausam.imd.gov.in/,High
Madurai,Tamil Nadu,Warehouse,9.9252,78.1198,Small Millets/Ragi,9450,15120,8.5,1.2,68.0,0.4,42295,40180,5.0,39.0,46.0,150000,OBSERVED_DATA,"TN Public Works Dept (PWD), IMD, TNCSC & Min of Consumer Affairs",https://www.tn.gov.in/ & https://mausam.imd.gov.in/,High
Sivaganga,Tamil Nadu,Farm,9.8433,78.4833,Paddy/Rice,175750,644299,21.0,1.6,46.0,0.38,22505,27006,16.0,51.0,46.0,430131,OBSERVED_DATA,"TN Public Works Dept (PWD), IMD, TNCSC & Min of Consumer Affairs",https://www.tn.gov.in/ & https://mausam.imd.gov.in/,High
Sivaganga,Tamil Nadu,Farm,9.8433,78.4833,Coconut,50050,461060,21.0,1.6,46.0,0.38,22505,27006,16.0,51.0,46.0,430131,OBSERVED_DATA,"TN Public Works Dept (PWD), IMD, TNCSC & Min of Consumer Affairs",https://www.tn.gov.in/ & https://mausam.imd.gov.in/,High
Sivaganga,Tamil Nadu,Farm,9.8433,78.4833,Groundnut,11200,23161,21.0,1.6,46.0,0.38,22505,27006,16.0,51.0,46.0,430131,OBSERVED_DATA,"TN Public Works Dept (PWD), IMD, TNCSC & Min of Consumer Affairs",https://www.tn.gov.in/ & https://mausam.imd.gov.in/,High
Sivaganga,Tamil Nadu,Farm,9.8433,78.4833,Small Millets/Ragi,5700,8572,21.0,1.6,46.0,0.38,22505,27006,16.0,51.0,46.0,430131,OBSERVED_DATA,"TN Public Works Dept (PWD), IMD, TNCSC & Min of Consumer Affairs",https://www.tn.gov.in/ & https://mausam.imd.gov.in/,High
Ramanathapuram,Tamil Nadu,Farm,9.38,78.83,Paddy/Rice,57350,228138,16.0,1.1,41.0,0.39,15163,14405,11.0,46.0,51.0,401206,OBSERVED_DATA,"TN Public Works Dept (PWD), IMD, TNCSC & Min of Consumer Affairs",https://www.tn.gov.in/ & https://mausam.imd.gov.in/,High
Ramanathapuram,Tamil Nadu,Farm,9.38,78.83,Coconut,51350,513294,16.0,1.1,41.0,0.39,15163,14405,11.0,46.0,51.0,401206,OBSERVED_DATA,"TN Public Works Dept (PWD), IMD, TNCSC & Min of Consumer Affairs",https://www.tn.gov.in/ & https://mausam.imd.gov.in/,High
Ramanathapuram,Tamil Nadu,Farm,9.38,78.83,Groundnut,11899,26701,16.0,1.1,41.0,0.39,15163,14405,11.0,46.0,51.0,401206,OBSERVED_DATA,"TN Public Works Dept (PWD), IMD, TNCSC & Min of Consumer Affairs",https://www.tn.gov.in/ & https://mausam.imd.gov.in/,High
Ramanathapuram,Tamil Nadu,Farm,9.38,78.83,Small Millets/Ragi,11850,19339,16.0,1.1,41.0,0.39,15163,14405,11.0,46.0,51.0,401206,OBSERVED_DATA,"TN Public Works Dept (PWD), IMD, TNCSC & Min of Consumer Affairs",https://www.tn.gov.in/ & https://mausam.imd.gov.in/,High
Virudhunagar,Tamil Nadu,Farm,9.58,77.96,Maize,12500,51750,16.0,2.0,45.0,0.39,16922,16076,15.0,55.0,45.0,308210,OBSERVED_DATA,"TN Public Works Dept (PWD), IMD, TNCSC & Min of Consumer Affairs",https://www.tn.gov.in/ & https://mausam.imd.gov.in/,High
Virudhunagar,Tamil Nadu,Farm,9.58,77.96,Onion (Shallots),1650,18216,16.0,2.0,45.0,0.39,16922,16076,15.0,55.0,45.0,308210,OBSERVED_DATA,"TN Public Works Dept (PWD), IMD, TNCSC & Min of Consumer Affairs",https://www.tn.gov.in/ & https://mausam.imd.gov.in/,High
Virudhunagar,Tamil Nadu,Farm,9.58,77.96,Cotton,11480,7393,16.0,2.0,45.0,0.39,16922,16076,15.0,55.0,45.0,308210,OBSERVED_DATA,"TN Public Works Dept (PWD), IMD, TNCSC & Min of Consumer Affairs",https://www.tn.gov.in/ & https://mausam.imd.gov.in/,High
Virudhunagar,Tamil Nadu,Farm,9.58,77.96,Groundnut,9100,18418,16.0,2.0,45.0,0.39,16922,16076,15.0,55.0,45.0,308210,OBSERVED_DATA,"TN Public Works Dept (PWD), IMD, TNCSC & Min of Consumer Affairs",https://www.tn.gov.in/ & https://mausam.imd.gov.in/,High
Tirunelveli,Tamil Nadu,Farm,8.7139,77.7567,Paddy/Rice,114700,487589,14.0,1.5,75.0,0.39,16657,15824,5.0,35.0,45.0,246580,OBSERVED_DATA,"TN Public Works Dept (PWD), IMD, TNCSC & Min of Consumer Affairs",https://www.tn.gov.in/ & https://mausam.imd.gov.in/,High
Tirunelveli,Tamil Nadu,Farm,8.7139,77.7567,Coconut,52000,555464,14.0,1.5,75.0,0.39,16657,15824,5.0,35.0,45.0,246580,OBSERVED_DATA,"TN Public Works Dept (PWD), IMD, TNCSC & Min of Consumer Affairs",https://www.tn.gov.in/ & https://mausam.imd.gov.in/,High
Tirunelveli,Tamil Nadu,Farm,8.7139,77.7567,Groundnut,7000,16786,14.0,1.5,75.0,0.39,16657,15824,5.0,35.0,45.0,246580,OBSERVED_DATA,"TN Public Works Dept (PWD), IMD, TNCSC & Min of Consumer Affairs",https://www.tn.gov.in/ & https://mausam.imd.gov.in/,High
Tirunelveli,Tamil Nadu,Farm,8.7139,77.7567,Small Millets/Ragi,4800,8371,14.0,1.5,75.0,0.39,16657,15824,5.0,35.0,45.0,246580,OBSERVED_DATA,"TN Public Works Dept (PWD), IMD, TNCSC & Min of Consumer Affairs",https://www.tn.gov.in/ & https://mausam.imd.gov.in/,High
Tenkasi,Tamil Nadu,Farm,8.9592,77.3129,Paddy/Rice,116550,454545,28.0,1.1,71.0,0.36,13405,16086,21.0,31.0,51.0,225156,OBSERVED_DATA,"TN Public Works Dept (PWD), IMD, TNCSC & Min of Consumer Affairs",https://www.tn.gov.in/ & https://mausam.imd.gov.in/,High
Tenkasi,Tamil Nadu,Farm,8.9592,77.3129,Coconut,33150,324870,28.0,1.1,71.0,0.36,13405,16086,21.0,31.0,51.0,225156,OBSERVED_DATA,"TN Public Works Dept (PWD), IMD, TNCSC & Min of Consumer Affairs",https://www.tn.gov.in/ & https://mausam.imd.gov.in/,High
Tenkasi,Tamil Nadu,Farm,8.9592,77.3129,Groundnut,24850,54670,28.0,1.1,71.0,0.36,13405,16086,21.0,31.0,51.0,225156,OBSERVED_DATA,"TN Public Works Dept (PWD), IMD, TNCSC & Min of Consumer Affairs",https://www.tn.gov.in/ & https://mausam.imd.gov.in/,High
Tenkasi,Tamil Nadu,Farm,8.9592,77.3129,Small Millets/Ragi,3900,6240,28.0,1.1,71.0,0.36,13405,16086,21.0,31.0,51.0,225156,OBSERVED_DATA,"TN Public Works Dept (PWD), IMD, TNCSC & Min of Consumer Affairs",https://www.tn.gov.in/ & https://mausam.imd.gov.in/,High
Thoothukudi,Tamil Nadu,Farm,8.7642,78.1348,Banana,7215,293939,20.0,1.5,55.0,0.38,18639,17707,5.0,50.0,45.0,120180,OBSERVED_DATA,"TN Public Works Dept (PWD), IMD, TNCSC & Min of Consumer Affairs",https://www.tn.gov.in/ & https://mausam.imd.gov.in/,High
Thoothukudi,Tamil Nadu,Farm,8.7642,78.1348,Paddy/Rice,86950,328931,20.0,1.5,55.0,0.38,18639,17707,5.0,50.0,45.0,120180,OBSERVED_DATA,"TN Public Works Dept (PWD), IMD, TNCSC & Min of Consumer Affairs",https://www.tn.gov.in/ & https://mausam.imd.gov.in/,High
Thoothukudi,Tamil Nadu,Farm,8.7642,78.1348,Spices / Chillies,4940,9583,20.0,1.5,55.0,0.38,18639,17707,5.0,50.0,45.0,120180,OBSERVED_DATA,"TN Public Works Dept (PWD), IMD, TNCSC & Min of Consumer Affairs",https://www.tn.gov.in/ & https://mausam.imd.gov.in/,High
Thoothukudi,Tamil Nadu,Farm,8.7642,78.1348,Groundnut,18200,38838,20.0,1.5,55.0,0.38,18639,17707,5.0,50.0,45.0,120180,OBSERVED_DATA,"TN Public Works Dept (PWD), IMD, TNCSC & Min of Consumer Affairs",https://www.tn.gov.in/ & https://mausam.imd.gov.in/,High
Kanyakumari,Tamil Nadu,Farm,8.0883,77.5385,Paddy/Rice,168350,676261,24.0,1.6,82.0,0.37,17684,21221,11.0,36.0,51.0,379966,OBSERVED_DATA,"TN Public Works Dept (PWD), IMD, TNCSC & Min of Consumer Affairs",https://www.tn.gov.in/ & https://mausam.imd.gov.in/,High
Kanyakumari,Tamil Nadu,Farm,8.0883,77.5385,Coconut,61100,616743,24.0,1.6,82.0,0.37,17684,21221,11.0,36.0,51.0,379966,OBSERVED_DATA,"TN Public Works Dept (PWD), IMD, TNCSC & Min of Consumer Affairs",https://www.tn.gov.in/ & https://mausam.imd.gov.in/,High
Kanyakumari,Tamil Nadu,Farm,8.0883,77.5385,Groundnut,17150,38861,24.0,1.6,82.0,0.37,17684,21221,11.0,36.0,51.0,379966,OBSERVED_DATA,"TN Public Works Dept (PWD), IMD, TNCSC & Min of Consumer Affairs",https://www.tn.gov.in/ & https://mausam.imd.gov.in/,High
Kanyakumari,Tamil Nadu,Farm,8.0883,77.5385,Small Millets/Ragi,3150,5191,24.0,1.6,82.0,0.37,17684,21221,11.0,36.0,51.0,379966,OBSERVED_DATA,"TN Public Works Dept (PWD), IMD, TNCSC & Min of Consumer Affairs",https://www.tn.gov.in/ & https://mausam.imd.gov.in/,High
